32.19,32.16,4.17,8.83,9.50,13.78,0.85,0.10,0.10,0.10
9.80,47.97,2.22,6.98,5.86,11.98,0.85,0.10,0.10,0.60
7.47,59.47,1.73,6.57,4.88,11.56,0.85,0.10,0.10,1.10
6.50,69.07,1.45,6.39,4.35,11.35,0.85,0.10,0.10,1.60
4.10,3.87,2.00,6.48,8.03,11.46,0.85,0.60,0.10,0.10
3.36,11.01,0.65,5.75,3.58,10.67,0.85,0.60,0.10,0.60
3.26,15.98,0.54,5.57,2.87,10.55,0.85,0.60,0.10,1.10
3.22,20.17,0.42,5.55,2.52,10.48,0.85,0.60,0.10,1.60
3.28,6.08,0.59,2.71,3.71,4.77,0.85,0.60,0.60,1.10
3.23,7.82,0.44,2.65,2.91,4.67,0.85,0.60,0.60,1.60
3.00,6.32,0.00,5.23,2.92,10.17,0.85,1.10,0.10,0.60
3.00,9.79,0.00,5.21,2.35,10.21,0.85,1.10,0.10,1.10
3.00,12.78,0.00,5.23,2.05,10.22,0.85,1.10,0.10,1.60
3.00,3.74,0.00,2.37,2.87,4.40,0.85,1.10,0.60,1.10
3.00,4.98,0.00,2.33,2.33,4.38,0.85,1.10,0.60,1.60
3.00,4.39,0.00,4.84,2.52,9.80,0.85,1.60,0.10,0.60
3.00,7.06,0.00,5.02,2.04,9.97,0.85,1.60,0.10,1.10
3.00,9.43,0.00,5.06,1.78,10.03,0.85,1.60,0.10,1.60
3.00,2.74,0.00,2.12,2.41,4.13,0.85,1.60,0.60,1.10
3.00,3.70,0.00,2.13,2.01,4.18,0.85,1.60,0.60,1.60
3.00,2.59,0.00,1.66,2.47,3.15,0.85,1.60,1.10,1.60
3.00,1.09,0.00,2.02,4.39,7.14,0.85,2.10,0.10,0.10
3.00,3.36,0.00,4.45,2.19,9.46,0.85,2.10,0.10,0.60
3.00,5.51,0.00,4.80,1.82,9.77,0.85,2.10,0.10,1.10
3.00,7.47,0.00,4.93,1.61,9.88,0.85,2.10,0.10,1.60
3.00,2.19,0.00,1.90,2.12,3.92,0.85,2.10,0.60,1.10
3.00,2.97,0.00,2.00,1.78,4.02,0.85,2.10,0.60,1.60
3.00,2.11,0.00,1.46,2.11,2.98,0.85,2.10,1.10,1.60
3.00,1.05,0.00,1.57,3.20,6.59,0.85,2.60,0.10,0.10
3.00,2.74,0.00,4.15,1.94,9.16,0.85,2.60,0.10,0.60
3.00,4.52,0.00,4.62,1.63,9.58,0.85,2.60,0.10,1.10
3.00,6.17,0.00,4.80,1.45,9.74,0.85,2.60,0.10,1.60
3.00,1.86,0.00,1.70,1.90,3.73,0.85,2.60,0.60,1.10
3.00,2.50,0.00,1.84,1.59,3.88,0.85,2.60,0.60,1.60
3.00,1.81,0.00,1.32,1.86,2.83,0.85,2.60,1.10,1.60
3.00,1.03,0.00,1.21,2.58,6.26,0.85,3.10,0.10,0.10
3.00,2.33,0.00,3.86,1.72,8.88,0.85,3.10,0.10,0.60
3.00,3.83,0.00,4.43,1.49,9.41,0.85,3.10,0.10,1.10
3.00,5.26,0.00,4.64,1.34,9.61,0.85,3.10,0.10,1.60
3.00,1.16,0.00,1.10,2.58,3.17,0.85,3.10,0.60,0.60
3.00,1.64,0.00,1.51,1.70,3.56,0.85,3.10,0.60,1.10
3.00,2.17,0.00,1.74,1.46,3.75,0.85,3.10,0.60,1.60
3.00,1.61,0.00,1.18,1.68,2.70,0.85,3.10,1.10,1.60
3.00,1.02,0.00,1.04,2.10,6.04,0.85,3.60,0.10,0.10
3.00,2.04,0.00,3.61,1.54,8.62,0.85,3.60,0.10,0.60
3.00,3.33,0.00,4.24,1.36,9.24,0.85,3.60,0.10,1.10
3.00,4.58,0.00,4.51,1.22,9.49,0.85,3.60,0.10,1.60
3.00,1.11,0.00,0.89,2.06,3.00,0.85,3.60,0.60,0.60
3.00,1.49,0.00,1.40,1.53,3.42,0.85,3.60,0.60,1.10
3.00,1.94,0.00,1.61,1.34,3.63,0.85,3.60,0.60,1.60
3.00,1.47,0.00,1.10,1.51,2.59,0.85,3.60,1.10,1.60
3.00,1.02,0.00,0.85,1.75,5.88,0.85,4.10,0.10,0.10
3.00,1.84,0.00,3.37,1.39,8.38,0.85,4.10,0.10,0.60
3.00,2.95,0.00,4.16,1.24,9.09,0.85,4.10,0.10,1.10
3.00,4.06,0.00,4.39,1.13,9.38,0.85,4.10,0.10,1.60
3.00,1.09,0.00,0.80,1.73,2.88,0.85,4.10,0.60,0.60
3.00,1.39,0.00,1.26,1.39,3.30,0.85,4.10,0.60,1.10
3.00,1.77,0.00,1.49,1.23,3.53,0.85,4.10,0.60,1.60
3.00,1.14,0.00,0.74,1.72,2.30,0.85,4.10,1.10,1.10
3.00,1.37,0.00,0.99,1.38,2.50,0.85,4.10,1.10,1.60
3.00,1.01,0.00,0.72,1.55,5.76,0.85,4.60,0.10,0.10
3.00,1.68,0.00,3.16,1.27,8.17,0.85,4.60,0.10,0.60
3.00,2.66,0.00,4.00,1.14,8.94,0.85,4.60,0.10,1.10
3.00,3.65,0.00,4.33,1.05,9.27,0.85,4.60,0.10,1.60
3.00,1.07,0.00,0.72,1.54,2.78,0.85,4.60,0.60,0.60
3.00,1.31,0.00,1.15,1.27,3.19,0.85,4.60,0.60,1.10
3.00,1.64,0.00,1.41,1.14,3.43,0.85,4.60,0.60,1.60
3.00,1.11,0.00,0.66,1.52,2.22,0.85,4.60,1.10,1.10
3.00,1.30,0.00,0.90,1.26,2.41,0.85,4.60,1.10,1.60
3.00,1.16,0.00,0.66,1.52,1.93,0.85,4.60,1.60,1.60
106.27,74.35,3.58,8.31,6.89,13.25,1.35,0.10,0.10,0.10
23.90,90.37,2.24,7.03,4.93,11.96,1.35,0.10,0.10,0.60
15.94,102.79,1.85,6.68,4.29,11.60,1.35,0.10,0.10,1.10
12.75,113.33,1.57,6.41,3.90,11.40,1.35,0.10,0.10,1.60
10.77,8.43,2.32,6.88,6.05,11.85,1.35,0.60,0.10,0.10
5.18,16.57,1.10,5.87,3.37,10.85,1.35,0.60,0.10,0.60
4.51,22.25,0.85,5.72,2.77,10.66,1.35,0.60,0.10,1.10
4.22,26.98,0.69,5.60,2.45,10.57,1.35,0.60,0.10,1.60
4.65,8.76,0.91,2.87,3.28,4.88,1.35,0.60,0.60,1.10
4.30,10.68,0.73,2.73,2.77,4.76,1.35,0.60,0.60,1.60
3.80,3.04,1.33,5.84,6.25,10.77,1.35,1.10,0.10,0.10
3.26,8.72,0.46,5.45,2.90,10.40,1.35,1.10,0.10,0.60
3.19,12.72,0.38,5.39,2.32,10.34,1.35,1.10,0.10,1.10
3.16,16.10,0.28,5.35,2.06,10.31,1.35,1.10,0.10,1.60
3.21,4.96,0.42,2.49,2.74,4.54,1.35,1.10,0.60,1.10
3.17,6.35,0.30,2.46,2.28,4.48,1.35,1.10,0.60,1.60
3.18,4.48,0.33,1.93,2.88,3.47,1.35,1.10,1.10,1.60
3.00,5.71,0.00,5.02,2.59,10.04,1.35,1.60,0.10,0.60
3.00,8.79,0.00,5.13,2.07,10.11,1.35,1.60,0.10,1.10
3.00,11.46,0.00,5.15,1.81,10.13,1.35,1.60,0.10,1.60
20.27,3.62,4.08,6.12,6.72,8.16,1.35,1.60,0.60,0.10
3.00,3.43,0.00,2.26,2.45,4.28,1.35,1.60,0.60,1.10
3.00,4.52,0.00,2.27,1.99,4.28,1.35,1.60,0.60,1.60
3.00,3.19,0.00,1.76,2.45,3.26,1.35,1.60,1.10,1.60
3.00,4.17,0.00,4.72,2.32,9.71,1.35,2.10,0.10,0.60
3.00,6.65,0.00,4.94,1.87,9.91,1.35,2.10,0.10,1.10
3.00,8.84,0.00,5.02,1.63,9.98,1.35,2.10,0.10,1.60
3.00,2.62,0.00,2.04,2.18,4.07,1.35,2.10,0.60,1.10
3.00,3.51,0.00,2.10,1.83,4.12,1.35,2.10,0.60,1.60
3.00,2.49,0.00,1.57,2.17,3.09,1.35,2.10,1.10,1.60
3.00,3.27,0.00,4.44,2.06,9.41,1.35,2.60,0.10,0.60
3.00,5.31,0.00,4.75,1.70,9.72,1.35,2.60,0.10,1.10
3.00,7.16,0.00,4.86,1.51,9.84,1.35,2.60,0.10,1.60
3.00,2.14,0.00,1.83,1.98,3.87,1.35,2.60,0.60,1.10
3.00,2.87,0.00,1.96,1.66,3.98,1.35,2.60,0.60,1.60
3.00,2.06,0.00,1.43,1.95,2.94,1.35,2.60,1.10,1.60
3.00,1.05,0.00,1.56,3.18,6.59,1.35,3.10,0.10,0.10
3.00,2.69,0.00,4.16,1.86,9.12,1.35,3.10,0.10,0.60
3.00,4.41,0.00,4.60,1.55,9.55,1.35,3.10,0.10,1.10
3.00,6.00,0.00,4.76,1.38,9.71,1.35,3.10,0.10,1.60
3.00,1.83,0.00,1.67,1.81,3.70,1.35,3.10,0.60,1.10
3.00,2.44,0.00,1.84,1.51,3.85,1.35,3.10,0.60,1.60
3.00,1.79,0.00,1.31,1.76,2.81,1.35,3.10,1.10,1.60
3.00,1.03,0.00,1.20,2.57,6.26,1.35,3.60,0.10,0.10
3.00,2.30,0.00,3.93,1.67,8.86,1.35,3.60,0.10,0.60
3.00,3.77,0.00,4.42,1.43,9.38,1.35,3.60,0.10,1.10
3.00,5.16,0.00,4.61,1.26,9.59,1.35,3.60,0.10,1.60
3.00,1.63,0.00,1.51,1.64,3.55,1.35,3.60,0.60,1.10
3.00,2.14,0.00,1.69,1.40,3.73,1.35,3.60,0.60,1.60
3.00,1.60,0.00,1.20,1.62,2.69,1.35,3.60,1.10,1.60
3.00,1.02,0.00,1.04,2.09,6.03,1.35,4.10,0.10,0.10
3.00,2.03,0.00,3.60,1.51,8.60,1.35,4.10,0.10,0.60
3.00,3.29,0.00,4.27,1.32,9.23,1.35,4.10,0.10,1.10
3.00,4.52,0.00,4.52,1.18,9.48,1.35,4.10,0.10,1.60
3.00,1.11,0.00,0.89,2.05,3.00,1.35,4.10,0.60,0.60
3.00,1.49,0.00,1.36,1.49,3.41,1.35,4.10,0.60,1.10
3.00,1.92,0.00,1.58,1.27,3.62,1.35,4.10,0.60,1.60
3.00,1.47,0.00,1.08,1.47,2.58,1.35,4.10,1.10,1.60
3.00,1.02,0.00,0.85,1.75,5.88,1.35,4.60,0.10,0.10
3.00,1.83,0.00,3.39,1.37,8.37,1.35,4.60,0.10,0.60
3.00,2.93,0.00,4.14,1.22,9.07,1.35,4.60,0.10,1.10
3.00,4.02,0.00,4.37,1.10,9.36,1.35,4.60,0.10,1.60
3.00,1.08,0.00,0.79,1.72,2.88,1.35,4.60,0.60,0.60
3.00,1.38,0.00,1.24,1.36,3.29,1.35,4.60,0.60,1.10
3.00,1.76,0.00,1.48,1.20,3.52,1.35,4.60,0.60,1.60
3.00,1.14,0.00,0.73,1.71,2.30,1.35,4.60,1.10,1.10
3.00,1.37,0.00,0.98,1.35,2.49,1.35,4.60,1.10,1.60
258.57,136.41,3.18,7.84,5.57,12.83,1.85,0.10,0.10,0.10
50.64,151.97,2.06,6.86,4.23,11.85,1.85,0.10,0.10,0.60
31.21,164.67,1.72,6.56,3.76,11.55,1.85,0.10,0.10,1.10
23.86,175.60,1.57,6.43,3.48,11.38,1.85,0.10,0.10,1.60
57.79,63.80,2.15,4.08,4.96,6.11,1.85,0.10,0.60,0.60
34.38,67.69,1.84,3.76,4.30,5.78,1.85,0.10,0.60,1.10
25.60,71.53,1.64,3.56,3.93,5.58,1.85,0.10,0.60,1.60
26.03,15.86,2.37,6.94,4.97,11.88,1.85,0.60,0.10,0.10
8.65,24.58,1.18,5.97,3.15,10.94,1.85,0.60,0.10,0.60
6.77,30.82,0.92,5.79,2.65,10.74,1.85,0.60,0.10,1.10
5.96,36.01,0.76,5.66,2.35,10.64,1.85,0.60,0.10,1.60
9.64,10.14,1.36,3.21,3.74,5.23,1.85,0.60,0.60,0.60
7.11,12.46,1.03,2.93,2.96,4.94,1.85,0.60,0.60,1.10
6.17,14.50,0.83,2.79,2.56,4.81,1.85,0.60,0.60,1.60
6.39,10.51,0.85,2.29,3.01,3.81,1.85,0.60,1.10,1.60
8.23,5.72,1.87,6.26,5.14,11.26,1.85,1.10,0.10,0.10
4.52,12.16,0.75,5.62,2.78,10.56,1.85,1.10,0.10,0.60
4.08,16.65,0.58,5.48,2.28,10.44,1.85,1.10,0.10,1.10
3.87,20.40,0.54,5.41,2.02,10.39,1.85,1.10,0.10,1.60
4.82,4.85,0.98,2.85,3.57,4.86,1.85,1.10,0.60,0.60
4.18,6.63,0.63,2.61,2.57,4.64,1.85,1.10,0.60,1.10
3.93,8.15,0.57,2.51,2.19,4.55,1.85,1.10,0.60,1.60
3.99,5.85,0.60,2.02,2.52,3.55,1.85,1.10,1.10,1.60
3.65,2.64,1.30,5.40,5.48,10.36,1.85,1.60,0.10,0.10
3.22,7.58,0.46,5.26,2.57,10.24,1.85,1.60,0.10,0.60
3.15,11.07,0.37,5.25,2.05,10.22,1.85,1.60,0.10,1.10
3.13,14.04,0.27,5.23,1.80,10.21,1.85,1.60,0.10,1.60
3.17,4.37,0.29,2.37,2.37,4.41,1.85,1.60,0.60,1.10
3.14,5.59,0.29,2.34,1.99,4.37,1.85,1.60,0.60,1.60
49.91,4.94,2.98,4.38,5.00,5.88,1.85,1.60,1.10,0.10
3.14,3.99,0.32,1.86,2.27,3.36,1.85,1.60,1.10,1.60
10.65,4.63,4.93,6.12,6.74,7.38,1.85,1.60,1.60,0.60
3.00,5.30,0.00,4.92,2.34,9.94,1.85,2.10,0.10,0.60
3.00,8.13,0.00,5.08,1.89,10.03,1.85,2.10,0.10,1.10
3.00,10.57,0.00,5.10,1.65,10.07,1.85,2.10,0.10,1.60
25.17,3.87,3.80,5.71,5.84,7.75,1.85,2.10,0.60,0.10
3.00,3.21,0.00,2.16,2.16,4.20,1.85,2.10,0.60,1.10
3.00,4.20,0.00,2.19,1.80,4.22,1.85,2.10,0.60,1.60
3.00,3.00,0.00,1.69,2.10,3.19,1.85,2.10,1.10,1.60
3.00,4.00,0.00,4.69,2.16,9.65,1.85,2.60,0.10,0.60
3.00,6.33,0.00,4.89,1.75,9.86,1.85,2.60,0.10,1.10
3.00,8.39,0.00,4.96,1.52,9.93,1.85,2.60,0.10,1.60
3.00,2.52,0.00,1.98,2.02,4.02,1.85,2.60,0.60,1.10
3.00,3.36,0.00,2.05,1.66,4.08,1.85,2.60,0.60,1.60
3.00,2.40,0.00,1.56,1.93,3.04,1.85,2.60,1.10,1.60
6.24,2.72,3.28,4.51,5.13,5.77,1.85,2.60,1.60,0.60
3.00,3.19,0.00,4.42,1.96,9.36,1.85,3.10,0.10,0.60
3.00,5.15,0.00,4.70,1.59,9.69,1.85,3.10,0.10,1.10
3.00,6.92,0.00,4.86,1.40,9.81,1.85,3.10,0.10,1.60
3.00,2.09,0.00,1.82,1.87,3.84,1.85,3.10,0.60,1.10
3.00,2.79,0.00,1.93,1.56,3.95,1.85,3.10,0.60,1.60
3.00,2.02,0.00,1.41,1.83,2.91,1.85,3.10,1.10,1.60
3.00,1.05,0.00,1.55,3.16,6.58,1.85,3.60,0.10,0.10
3.00,2.65,0.00,4.18,1.79,9.09,1.85,3.60,0.10,0.60
3.00,4.32,0.00,4.58,1.49,9.52,1.85,3.60,0.10,1.10
3.00,5.86,0.00,4.72,1.32,9.69,1.85,3.60,0.10,1.60
3.00,1.81,0.00,1.65,1.69,3.68,1.85,3.60,0.60,1.10
3.00,2.40,0.00,1.81,1.44,3.83,1.85,3.60,0.60,1.60
3.00,1.76,0.00,1.26,1.68,2.78,1.85,3.60,1.10,1.60
3.00,1.03,0.00,1.20,2.57,6.25,1.85,4.10,0.10,0.10
3.00,2.28,0.00,3.89,1.63,8.83,1.85,4.10,0.10,0.60
3.00,3.71,0.00,4.40,1.36,9.36,1.85,4.10,0.10,1.10
3.00,5.07,0.00,4.60,1.22,9.57,1.85,4.10,0.10,1.60
3.00,1.62,0.00,1.51,1.59,3.53,1.85,4.10,0.60,1.10
3.00,2.12,0.00,1.69,1.35,3.71,1.85,4.10,0.60,1.60
3.00,1.59,0.00,1.16,1.51,2.67,1.85,4.10,1.10,1.60
3.00,1.02,0.00,1.03,2.09,6.03,1.85,4.60,0.10,0.10
3.00,2.02,0.00,3.59,1.48,8.59,1.85,4.60,0.10,0.60
3.00,3.25,0.00,4.24,1.29,9.21,1.85,4.60,0.10,1.10
3.00,4.46,0.00,4.49,1.15,9.46,1.85,4.60,0.10,1.60
3.00,1.11,0.00,0.94,2.04,2.99,1.85,4.60,0.60,0.60
3.00,1.48,0.00,1.38,1.46,3.40,1.85,4.60,0.60,1.10
3.00,1.91,0.00,1.59,1.24,3.61,1.85,4.60,0.60,1.60
3.00,1.46,0.00,1.06,1.43,2.57,1.85,4.60,1.10,1.60
519.37,218.77,2.81,7.55,4.73,12.51,2.35,0.10,0.10,0.10
95.98,233.82,1.94,6.75,3.71,11.73,2.35,0.10,0.10,0.60
56.93,246.43,1.71,6.51,3.35,11.48,2.35,0.10,0.10,1.10
41.91,257.47,1.55,6.35,3.14,11.33,2.35,0.10,0.10,1.60
624.87,96.85,2.81,4.69,5.07,6.72,2.35,0.10,0.60,0.10
106.68,98.47,2.00,3.89,4.02,5.93,2.35,0.10,0.60,0.60
61.34,102.22,1.71,3.64,3.61,5.66,2.35,0.10,0.60,1.10
44.55,105.98,1.61,3.47,3.35,5.51,2.35,0.10,0.60,1.60
47.37,78.67,1.59,3.00,3.91,4.50,2.35,0.10,1.10,1.60
54.53,26.43,2.19,6.82,4.23,11.79,2.35,0.60,0.10,0.10
14.41,35.42,1.22,6.02,2.90,10.99,2.35,0.60,0.10,0.60
10.31,42.06,1.03,5.83,2.48,10.78,2.35,0.60,0.10,1.10
8.66,47.60,0.85,5.73,2.23,10.68,2.35,0.60,0.10,1.60
87.27,13.92,2.28,4.17,4.57,6.19,2.35,0.60,0.60,0.10
16.18,14.94,1.33,3.18,3.18,5.22,2.35,0.60,0.60,0.60
10.96,17.29,1.07,2.94,2.68,4.97,2.35,0.60,0.60,1.10
8.96,19.40,0.94,2.81,2.39,4.84,2.35,0.60,0.60,1.60
11.69,12.85,1.04,2.48,3.03,3.98,2.35,0.60,1.10,1.10
9.39,14.29,0.95,2.32,2.61,3.83,2.35,0.60,1.10,1.60
17.65,9.93,1.88,6.50,4.35,11.41,2.35,1.10,0.10,0.10
6.80,16.87,0.99,5.69,2.66,10.67,2.35,1.10,0.10,0.60
5.60,21.78,0.73,5.55,2.20,10.52,2.35,1.10,0.10,1.10
5.07,25.85,0.59,5.49,1.95,10.45,2.35,1.10,0.10,1.60
37.33,6.21,2.26,4.15,5.00,6.18,2.35,1.10,0.60,0.10
7.49,6.98,1.05,2.90,3.05,4.93,2.35,1.10,0.60,0.60
5.84,8.84,0.78,2.69,2.41,4.71,2.35,1.10,0.60,1.10
5.19,10.45,0.61,2.57,2.11,4.61,2.35,1.10,0.60,1.60
6.12,6.47,0.86,2.23,2.80,3.72,2.35,1.10,1.10,1.10
5.34,7.63,0.65,2.11,2.31,3.60,2.35,1.10,1.10,1.60
7.14,4.58,1.61,5.96,4.63,10.90,2.35,1.60,0.10,0.10
4.23,10.15,0.73,5.44,2.46,10.39,2.35,1.60,0.10,0.60
3.87,14.04,0.55,5.34,2.01,10.32,2.35,1.60,0.10,1.10
3.72,17.29,0.43,5.30,1.79,10.28,2.35,1.60,0.10,1.60
4.48,4.09,0.78,2.64,3.03,4.67,2.35,1.60,0.60,0.60
3.95,5.63,0.50,2.49,2.24,4.50,2.35,1.60,0.60,1.10
3.76,6.94,0.45,2.42,1.93,4.44,2.35,1.60,0.60,1.60
57.04,5.37,2.60,3.96,4.56,5.46,2.35,1.60,1.10,0.10
4.06,4.05,0.57,2.02,2.76,3.53,2.35,1.60,1.10,1.10
3.81,5.02,0.48,1.94,2.15,3.43,2.35,1.60,1.10,1.60
93.31,6.29,2.42,3.61,4.13,4.84,2.35,1.60,1.60,0.10
3.57,2.40,1.03,5.15,4.92,10.08,2.35,2.10,0.10,0.10
3.19,6.86,0.37,5.16,2.33,10.13,2.35,2.10,0.10,0.60
3.14,10.03,0.25,5.18,1.89,10.14,2.35,2.10,0.10,1.10
3.11,12.72,0.26,5.16,1.65,10.14,2.35,2.10,0.10,1.60
19.21,3.07,3.14,4.93,5.81,6.98,2.35,2.10,0.60,0.10
3.22,2.70,0.48,2.34,3.11,4.40,2.35,2.10,0.60,0.60
3.15,3.99,0.29,2.28,2.11,4.32,2.35,2.10,0.60,1.10
3.11,5.09,0.19,2.26,1.78,4.30,2.35,2.10,0.60,1.60
59.71,5.16,2.72,4.14,4.33,5.65,2.35,2.10,1.10,0.10
3.12,3.66,0.21,1.76,2.03,3.28,2.35,2.10,1.10,1.60
13.04,5.01,4.58,5.81,5.98,7.06,2.35,2.10,1.60,0.60
3.00,5.00,0.00,4.88,2.19,9.86,2.35,2.60,0.10,0.60
3.00,7.64,0.00,4.99,1.76,9.98,2.35,2.60,0.10,1.10
3.00,9.91,0.00,5.05,1.54,10.02,2.35,2.60,0.10,1.60
28.82,3.98,3.50,5.44,5.29,7.46,2.35,2.60,0.60,0.10
3.00,3.04,0.00,2.11,2.00,4.14,2.35,2.60,0.60,1.10
3.00,3.97,0.00,2.14,1.66,4.16,2.35,2.60,0.60,1.60
3.00,2.85,0.00,1.64,1.92,3.14,2.35,2.60,1.10,1.60
3.00,3.86,0.00,4.61,2.01,9.59,2.35,3.10,0.10,0.60
3.00,6.08,0.00,4.86,1.62,9.81,2.35,3.10,0.10,1.10
3.00,8.04,0.00,4.92,1.43,9.90,2.35,3.10,0.10,1.60
50.06,5.68,3.67,5.64,4.97,7.67,2.35,3.10,0.60,0.10
3.00,2.45,0.00,1.94,1.90,3.97,2.35,3.10,0.60,1.10
3.00,3.23,0.00,2.00,1.56,4.04,2.35,3.10,0.60,1.60
3.00,2.33,0.00,1.51,1.80,3.01,2.35,3.10,1.10,1.60
7.18,2.86,3.09,4.33,4.64,5.57,2.35,3.10,1.60,0.60
3.00,3.12,0.00,4.37,1.87,9.33,2.35,3.60,0.10,0.60
3.00,5.00,0.00,4.69,1.52,9.65,2.35,3.60,0.10,1.10
3.00,6.71,0.00,4.80,1.34,9.78,2.35,3.60,0.10,1.60
3.00,2.06,0.00,1.78,1.78,3.81,2.35,3.60,0.60,1.10
3.00,2.72,0.00,1.88,1.49,3.92,2.35,3.60,0.60,1.60
3.00,1.98,0.00,1.39,1.69,2.88,2.35,3.60,1.10,1.60
3.00,2.61,0.00,4.11,1.73,9.06,2.35,4.10,0.10,0.60
3.00,4.23,0.00,4.53,1.44,9.50,2.35,4.10,0.10,1.10
3.00,5.73,0.00,4.69,1.27,9.67,2.35,4.10,0.10,1.60
3.00,1.79,0.00,1.63,1.63,3.66,2.35,4.10,0.60,1.10
3.00,2.36,0.00,1.78,1.38,3.81,2.35,4.10,0.60,1.60
3.00,1.74,0.00,1.27,1.61,2.77,2.35,4.10,1.10,1.60
3.00,1.03,0.00,1.20,2.56,6.25,2.35,4.60,0.10,0.10
3.00,2.26,0.00,3.85,1.59,8.81,2.35,4.60,0.10,0.60
3.00,3.66,0.00,4.37,1.32,9.34,2.35,4.60,0.10,1.10
3.00,4.98,0.00,4.57,1.18,9.56,2.35,4.60,0.10,1.60
3.00,1.60,0.00,1.47,1.51,3.51,2.35,4.60,0.60,1.10
3.00,2.09,0.00,1.68,1.31,3.70,2.35,4.60,0.60,1.60
3.00,1.57,0.00,1.13,1.47,2.66,2.35,4.60,1.10,1.60
924.47,321.68,2.50,7.30,4.12,12.26,2.85,0.10,0.10,0.10
164.51,335.78,1.82,6.65,3.31,11.61,2.85,0.10,0.10,0.60
94.79,348.32,1.58,6.42,3.03,11.40,2.85,0.10,0.10,1.10
68.27,359.25,1.44,6.31,2.84,11.27,2.85,0.10,0.10,1.60
1055.35,139.61,2.53,4.40,4.29,6.43,2.85,0.10,0.60,0.10
178.15,141.06,1.89,3.75,3.47,5.78,2.85,0.10,0.60,0.60
101.27,144.73,1.62,3.54,3.16,5.56,2.85,0.10,0.60,1.10
72.23,148.40,1.48,3.39,2.99,5.43,2.85,0.10,0.60,1.60
1170.53,107.80,2.56,3.91,4.65,5.40,2.85,0.10,1.10,0.10
193.15,106.77,1.90,3.26,3.73,4.76,2.85,0.10,1.10,0.60
107.84,108.55,1.65,3.03,3.38,4.54,2.85,0.10,1.10,1.10
76.28,110.72,1.52,2.90,3.17,4.40,2.85,0.10,1.10,1.60
101.51,40.27,2.00,6.73,3.72,11.69,2.85,0.60,0.10,0.10
23.16,49.30,1.26,6.02,2.66,10.99,2.85,0.60,0.10,0.60
15.54,56.20,1.04,5.82,2.32,10.80,2.85,0.60,0.10,1.10
12.48,62.00,0.92,5.73,2.11,10.70,2.85,0.60,0.10,1.60
143.97,19.95,2.10,3.94,3.85,5.96,2.85,0.60,0.60,0.10
25.83,20.94,1.29,3.15,2.84,5.19,2.85,0.60,0.60,0.60
16.51,23.31,1.00,2.94,2.44,4.97,2.85,0.60,0.60,1.10
13.04,25.46,0.93,2.82,2.21,4.85,2.85,0.60,0.60,1.60
192.56,17.44,2.12,3.48,3.99,4.98,2.85,0.60,1.10,0.10
29.02,16.17,1.32,2.70,3.08,4.20,2.85,0.60,1.10,0.60
17.74,17.50,1.07,2.47,2.62,3.96,2.85,0.60,1.10,1.10
13.66,18.93,0.96,2.32,2.35,3.83,2.85,0.60,1.10,1.60
18.93,14.76,1.07,2.26,2.99,3.50,2.85,0.60,1.60,1.10
14.32,15.79,0.99,2.11,2.58,3.36,2.85,0.60,1.60,1.60
34.43,15.80,1.81,6.46,3.79,11.43,2.85,1.10,0.10,0.10
10.41,23.03,1.00,5.76,2.48,10.73,2.85,1.10,0.10,0.60
7.88,28.27,0.79,5.61,2.09,10.57,2.85,1.10,0.10,1.10
6.81,32.62,0.65,5.53,1.88,10.49,2.85,1.10,0.10,1.60
60.99,8.92,2.03,3.87,4.04,5.90,2.85,1.10,0.60,0.10
11.56,9.72,1.04,2.92,2.71,4.95,2.85,1.10,0.60,0.60
8.30,11.62,0.84,2.72,2.25,4.75,2.85,1.10,0.60,1.10
7.04,13.31,0.68,2.61,1.99,4.65,2.85,1.10,0.60,1.60
99.71,8.99,2.10,3.48,4.01,4.98,2.85,1.10,1.10,0.10
13.08,7.49,1.11,2.50,3.08,4.01,2.85,1.10,1.10,0.60
8.79,8.65,0.84,2.26,2.47,3.75,2.85,1.10,1.10,1.10
7.30,9.82,0.74,2.13,2.13,3.63,2.85,1.10,1.10,1.60
142.02,9.41,2.09,3.26,3.98,4.49,2.85,1.10,1.60,0.10
7.60,8.13,0.78,1.92,2.36,3.16,2.85,1.10,1.60,1.60
14.23,7.55,1.70,6.13,3.98,11.12,2.85,1.60,0.10,0.10
6.03,13.57,0.81,5.53,2.37,10.50,2.85,1.60,0.10,0.60
5.08,17.79,0.62,5.43,1.96,10.39,2.85,1.60,0.10,1.10
4.66,21.31,0.55,5.38,1.73,10.34,2.85,1.60,0.10,1.60
32.62,5.00,2.14,3.94,4.49,5.97,2.85,1.60,0.60,0.10
6.53,5.63,0.84,2.72,2.69,4.75,2.85,1.60,0.60,0.60
5.27,7.24,0.67,2.54,2.13,4.57,2.85,1.60,0.60,1.10
4.76,8.64,0.57,2.46,1.85,4.50,2.85,1.60,0.60,1.60
69.61,6.17,2.24,3.60,4.07,5.10,2.85,1.60,1.10,0.10
5.49,5.32,0.73,2.07,2.39,3.58,2.85,1.60,1.10,1.10
4.87,6.32,0.54,1.98,2.00,3.48,2.85,1.60,1.10,1.60
112.12,7.12,2.18,3.33,3.76,4.57,2.85,1.60,1.60,0.10
5.02,5.18,0.58,1.78,2.29,3.01,2.85,1.60,1.60,1.60
6.51,3.93,1.50,5.70,4.27,10.64,2.85,2.10,0.10,0.10
4.06,8.95,0.65,5.33,2.27,10.28,2.85,2.10,0.10,0.60
3.76,12.44,0.44,5.27,1.86,10.23,2.85,2.10,0.10,1.10
3.61,15.38,0.33,5.23,1.62,10.21,2.85,2.10,0.10,1.60
4.26,3.63,0.75,2.50,2.75,4.54,2.85,2.10,0.60,0.60
3.83,5.02,0.49,2.40,2.05,4.41,2.85,2.10,0.60,1.10
3.65,6.20,0.36,2.34,1.75,4.36,2.85,2.10,0.60,1.60
61.94,5.23,2.38,3.78,4.02,5.28,2.85,2.10,1.10,0.10
3.91,3.63,0.56,1.94,2.42,3.43,2.85,2.10,1.10,1.10
3.70,4.51,0.38,1.85,1.91,3.34,2.85,2.10,1.10,1.60
106.91,6.37,2.25,3.42,3.61,4.67,2.85,2.10,1.60,0.10
3.50,2.23,1.03,4.89,4.61,9.86,2.85,2.60,0.10,0.10
3.17,6.34,0.37,5.05,2.16,10.04,2.85,2.60,0.10,0.60
3.12,9.28,0.25,5.10,1.73,10.08,2.85,2.60,0.10,1.10
3.10,11.78,0.17,5.14,1.53,10.09,2.85,2.60,0.10,1.60
20.34,3.02,2.88,4.75,5.23,6.77,2.85,2.60,0.60,0.10
3.20,2.53,0.35,2.28,2.83,4.31,2.85,2.60,0.60,0.60
3.13,3.72,0.29,2.21,1.97,4.25,2.85,2.60,0.60,1.10
3.11,4.74,0.19,2.21,1.67,4.24,2.85,2.60,0.60,1.60
67.92,5.29,2.53,3.97,3.93,5.47,2.85,2.60,1.10,0.10
3.11,3.42,0.21,1.73,1.86,3.22,2.85,2.60,1.10,1.60
115.00,6.35,2.33,3.51,3.48,4.76,2.85,2.60,1.60,0.10
15.34,5.28,4.35,5.56,5.54,6.81,2.85,2.60,1.60,0.60
3.00,4.76,0.00,4.86,2.04,9.80,2.85,3.10,0.10,0.60
3.00,7.25,0.00,4.95,1.66,9.93,2.85,3.10,0.10,1.10
3.00,9.40,0.00,5.00,1.45,9.98,2.85,3.10,0.10,1.60
31.73,4.03,3.32,5.19,4.90,7.23,2.85,3.10,0.60,0.10
3.00,2.91,0.00,2.07,1.88,4.09,2.85,3.10,0.60,1.10
3.00,3.78,0.00,2.10,1.56,4.12,2.85,3.10,0.60,1.60
85.13,5.93,2.65,4.11,3.81,5.61,2.85,3.10,1.10,0.10
3.00,2.73,0.00,1.60,1.78,3.09,2.85,3.10,1.10,1.60
3.00,3.74,0.00,4.56,1.91,9.55,2.85,3.60,0.10,0.60
3.00,5.87,0.00,4.80,1.55,9.78,2.85,3.60,0.10,1.10
3.00,7.74,0.00,4.90,1.37,9.87,2.85,3.60,0.10,1.60
55.47,5.79,3.44,5.41,4.65,7.45,2.85,3.60,0.60,0.10
3.00,2.38,0.00,1.91,1.77,3.94,2.85,3.60,0.60,1.10
3.00,3.13,0.00,1.99,1.48,4.01,2.85,3.60,0.60,1.60
3.00,2.27,0.00,1.47,1.70,2.97,2.85,3.60,1.10,1.60
7.93,2.94,2.95,4.17,4.35,5.41,2.85,3.60,1.60,0.60
3.00,3.05,0.00,4.31,1.80,9.29,2.85,4.10,0.10,0.60
3.00,4.88,0.00,4.67,1.46,9.63,2.85,4.10,0.10,1.10
3.00,6.53,0.00,4.80,1.28,9.76,2.85,4.10,0.10,1.60
3.00,2.02,0.00,1.74,1.70,3.78,2.85,4.10,0.60,1.10
3.00,2.66,0.00,1.87,1.43,3.90,2.85,4.10,0.60,1.60
3.00,1.95,0.00,1.37,1.61,2.86,2.85,4.10,1.10,1.60
12.92,4.13,2.85,4.05,3.84,5.30,2.85,4.10,1.60,0.60
3.00,2.58,0.00,4.05,1.68,9.04,2.85,4.60,0.10,0.60
3.00,4.16,0.00,4.53,1.39,9.47,2.85,4.60,0.10,1.10
3.00,5.61,0.00,4.68,1.23,9.65,2.85,4.60,0.10,1.60
3.00,1.77,0.00,1.61,1.57,3.64,2.85,4.60,0.60,1.10
3.00,2.32,0.00,1.76,1.34,3.79,2.85,4.60,0.60,1.60
3.00,1.73,0.00,1.23,1.51,2.75,2.85,4.60,1.10,1.60
1499.80,445.20,2.27,7.07,3.67,12.05,3.35,0.10,0.10,0.10
262.12,458.78,1.70,6.54,2.99,11.50,3.35,0.10,0.10,0.60
147.44,470.57,1.55,6.36,2.76,11.32,3.35,0.10,0.10,1.10
104.88,481.27,1.44,6.25,2.60,11.21,3.35,0.10,0.10,1.60
1654.89,190.44,2.24,4.17,3.77,6.20,3.35,0.10,0.60,0.10
279.39,191.84,1.70,3.62,3.08,5.65,3.35,0.10,0.60,0.60
155.95,195.33,1.56,3.43,2.84,5.47,3.35,0.10,0.60,1.10
110.30,198.88,1.38,3.32,2.69,5.35,3.35,0.10,0.60,1.60
1796.07,145.83,2.31,3.67,3.91,5.17,3.35,0.10,1.10,0.10
296.14,144.71,1.70,3.12,3.21,4.62,3.35,0.10,1.10,0.60
164.14,146.46,1.58,2.94,2.95,4.43,3.35,0.10,1.10,1.10
115.67,148.51,1.43,2.82,2.80,4.32,3.35,0.10,1.10,1.60
315.17,122.32,1.74,2.88,3.43,4.13,3.35,0.10,1.60,0.60
172.07,123.06,1.52,2.71,3.15,3.94,3.35,0.10,1.60,1.10
120.82,124.36,1.45,2.58,2.96,3.83,3.35,0.10,1.60,1.60
171.88,57.46,1.83,6.61,3.30,11.58,3.35,0.60,0.10,0.10
35.83,66.43,1.18,6.02,2.46,10.98,3.35,0.60,0.10,0.60
22.91,73.44,0.99,5.84,2.17,10.80,3.35,0.60,0.10,1.10
17.80,79.42,0.87,5.74,1.99,10.70,3.35,0.60,0.10,1.60
224.13,27.26,1.84,3.77,3.38,5.79,3.35,0.60,0.60,0.10
39.61,28.25,1.23,3.13,2.56,5.15,3.35,0.60,0.60,0.60
24.35,30.58,1.04,2.92,2.25,4.96,3.35,0.60,0.60,1.10
18.65,32.78,0.90,2.84,2.07,4.85,3.35,0.60,0.60,1.60
280.59,22.94,1.86,3.28,3.43,4.78,3.35,0.60,1.10,0.10
43.39,21.75,1.22,2.64,2.68,4.14,3.35,0.60,1.10,0.60
25.94,23.05,1.07,2.44,2.37,3.94,3.35,0.60,1.10,1.10
19.48,24.48,0.95,2.33,2.15,3.82,3.35,0.60,1.10,1.60
335.78,21.18,1.95,3.06,3.53,4.30,3.35,0.60,1.60,0.10
48.18,18.84,1.32,2.43,2.87,3.67,3.35,0.60,1.60,0.60
27.58,19.52,1.11,2.21,2.50,3.46,3.35,0.60,1.60,1.10
20.32,20.52,0.91,2.10,2.26,3.34,3.35,0.60,1.60,1.60
61.05,23.41,1.77,6.42,3.36,11.39,3.35,1.10,0.10,0.10
15.70,30.81,1.03,5.79,2.33,10.76,3.35,1.10,0.10,0.60
11.13,36.28,0.82,5.64,1.99,10.60,3.35,1.10,0.10,1.10
9.24,40.85,0.72,5.54,1.80,10.52,3.35,1.10,0.10,1.60
94.89,12.28,1.85,3.69,3.47,5.71,3.35,1.10,0.60,0.10
17.48,13.12,1.09,2.92,2.47,4.96,3.35,1.10,0.60,0.60
11.77,15.04,0.86,2.75,2.10,4.77,3.35,1.10,0.60,1.10
9.59,16.78,0.75,2.64,1.88,4.67,3.35,1.10,0.60,1.60
139.32,11.49,1.86,3.26,3.47,4.75,3.35,1.10,1.10,0.10
19.64,10.17,1.15,2.49,2.64,3.97,3.35,1.10,1.10,0.60
12.50,11.30,0.85,2.26,2.22,3.75,3.35,1.10,1.10,1.10
9.98,12.48,0.78,2.15,1.98,3.64,3.35,1.10,1.10,1.60
188.09,11.54,1.87,3.03,3.42,4.28,3.35,1.10,1.60,0.10
22.29,8.91,1.14,2.30,2.91,3.54,3.35,1.10,1.60,0.60
13.38,9.55,0.94,2.04,2.41,3.29,3.35,1.10,1.60,1.10
10.45,10.42,0.78,1.93,2.11,3.17,3.35,1.10,1.60,1.60
26.34,11.64,1.63,6.25,3.52,11.19,3.35,1.60,0.10,0.10
8.68,17.95,0.81,5.62,2.24,10.58,3.35,1.60,0.10,0.60
6.84,22.46,0.67,5.49,1.89,10.45,3.35,1.60,0.10,1.10
6.02,26.21,0.60,5.42,1.68,10.38,3.35,1.60,0.10,1.60
50.07,6.89,1.88,3.70,3.72,5.72,3.35,1.60,0.60,0.10
9.63,7.58,0.98,2.77,2.45,4.80,3.35,1.60,0.60,0.60
7.17,9.24,0.72,2.59,2.01,4.62,3.35,1.60,0.60,1.10
6.20,10.71,0.62,2.50,1.77,4.54,3.35,1.60,0.60,1.60
89.39,7.42,1.99,3.33,3.59,4.82,3.35,1.60,1.10,0.10
10.89,5.85,1.06,2.36,2.76,3.85,3.35,1.60,1.10,0.60
7.55,6.89,0.78,2.12,2.17,3.62,3.35,1.60,1.10,1.10
6.39,7.91,0.66,2.02,1.89,3.51,3.35,1.60,1.10,1.60
136.29,8.18,1.97,3.10,3.39,4.34,3.35,1.60,1.60,0.10
8.05,5.78,0.81,1.93,2.48,3.17,3.35,1.60,1.60,1.10
6.63,6.56,0.63,1.81,2.04,3.04,3.35,1.60,1.60,1.60
12.29,6.25,1.58,5.93,3.75,10.90,3.35,2.10,0.10,0.10
5.55,11.66,0.76,5.44,2.18,10.39,3.35,2.10,0.10,0.60
4.76,15.46,0.51,5.33,1.80,10.31,3.35,2.10,0.10,1.10
4.43,18.62,0.47,5.30,1.59,10.27,3.35,2.10,0.10,1.60
29.91,4.32,2.03,3.80,4.15,5.82,3.35,2.10,0.60,0.10
6.02,4.85,0.80,2.62,2.47,4.63,3.35,2.10,0.60,0.60
4.93,6.30,0.56,2.46,1.95,4.48,3.35,2.10,0.60,1.10
4.52,7.56,0.49,2.38,1.69,4.42,3.35,2.10,0.60,1.60
69.32,5.68,2.14,3.46,3.70,4.96,3.35,2.10,1.10,0.10
5.13,4.64,0.60,1.97,2.16,3.48,3.35,2.10,1.10,1.10
4.61,5.55,0.52,1.89,1.82,3.40,3.35,2.10,1.10,1.60
118.23,6.83,2.06,3.19,3.35,4.43,3.35,2.10,1.60,0.10
4.72,4.56,0.56,1.67,2.03,2.93,3.35,2.10,1.60,1.60
6.07,3.51,1.43,5.49,4.01,10.43,3.35,2.60,0.10,0.10
3.95,8.12,0.52,5.25,2.12,10.19,3.35,2.60,0.10,0.60
3.67,11.34,0.44,5.19,1.72,10.17,3.35,2.60,0.10,1.10
3.55,14.05,0.33,5.19,1.51,10.16,3.35,2.60,0.10,1.60
21.07,3.10,2.31,4.08,4.74,6.10,3.35,2.60,0.60,0.10
4.13,3.31,0.60,2.41,2.53,4.44,3.35,2.60,0.60,0.60
3.73,4.59,0.39,2.32,1.91,4.34,3.35,2.60,0.60,1.10
3.59,5.68,0.35,2.29,1.61,4.31,3.35,2.60,0.60,1.60
65.94,5.13,2.29,3.66,3.70,5.15,3.35,2.60,1.10,0.10
3.82,3.34,0.45,1.84,2.18,3.35,3.35,2.60,1.10,1.10
3.63,4.14,0.38,1.78,1.78,3.28,3.35,2.60,1.10,1.60
118.88,6.43,2.13,3.29,3.29,4.53,3.35,2.60,1.60,0.10
3.67,3.38,0.41,1.59,2.06,2.82,3.35,2.60,1.60,1.60
3.46,2.11,0.78,4.75,4.30,9.69,3.35,3.10,0.10,0.10
3.15,5.95,0.28,4.98,2.05,9.98,3.35,3.10,0.10,0.60
3.11,8.72,0.25,5.07,1.64,10.03,3.35,3.10,0.10,1.10
3.09,11.06,0.17,5.08,1.46,10.05,3.35,3.10,0.10,1.60
21.48,2.98,2.78,4.58,4.85,6.61,3.35,3.10,0.60,0.10
3.19,2.41,0.35,2.19,2.59,4.23,3.35,3.10,0.60,0.60
3.12,3.52,0.23,2.18,1.85,4.20,3.35,3.10,0.60,1.10
3.10,4.47,0.19,2.17,1.57,4.20,3.35,3.10,0.60,1.60
75.13,5.36,2.43,3.83,3.65,5.33,3.35,3.10,1.10,0.10
3.14,2.54,0.29,1.72,2.23,3.21,3.35,3.10,1.10,1.10
3.11,3.24,0.21,1.68,1.71,3.17,3.35,3.10,1.10,1.60
131.71,6.58,2.20,3.39,3.22,4.62,3.35,3.10,1.60,0.10
17.45,5.49,4.16,5.36,5.20,6.60,3.35,3.10,1.60,0.60
3.00,4.56,0.00,4.80,1.95,9.74,3.35,3.60,0.10,0.60
3.00,6.94,0.00,4.91,1.56,9.89,3.35,3.60,0.10,1.10
3.00,8.99,0.00,4.98,1.38,9.94,3.35,3.60,0.10,1.60
33.97,4.04,3.17,5.01,4.60,7.05,3.35,3.60,0.60,0.10
3.00,2.81,0.00,2.02,1.78,4.05,3.35,3.60,0.60,1.10
3.00,3.63,0.00,2.06,1.48,4.09,3.35,3.60,0.60,1.60
95.45,6.11,2.51,3.95,3.57,5.46,3.35,3.60,1.10,0.10
3.00,2.64,0.00,1.55,1.68,3.06,3.35,3.60,1.10,1.60
3.00,3.64,0.00,4.54,1.83,9.50,3.35,4.10,0.10,0.60
3.00,5.68,0.00,4.79,1.49,9.74,3.35,4.10,0.10,1.10
3.00,7.49,0.00,4.87,1.31,9.84,3.35,4.10,0.10,1.60
59.38,5.83,3.33,5.24,4.40,7.26,3.35,4.10,0.60,0.10
3.00,2.32,0.00,1.89,1.69,3.90,3.35,4.10,0.60,1.10
3.00,3.04,0.00,1.94,1.42,3.98,3.35,4.10,0.60,1.60
3.00,2.22,0.00,1.44,1.62,2.95,3.35,4.10,1.10,1.60
8.53,2.97,2.83,4.03,4.12,5.27,3.35,4.10,1.60,0.60
3.00,3.00,0.00,4.26,1.74,9.26,3.35,4.60,0.10,0.60
3.00,4.77,0.00,4.66,1.41,9.60,3.35,4.60,0.10,1.10
3.00,6.37,0.00,4.78,1.24,9.73,3.35,4.60,0.10,1.60
3.00,1.99,0.00,1.74,1.64,3.76,3.35,4.60,0.60,1.10
3.00,2.61,0.00,1.84,1.34,3.87,3.35,4.60,0.60,1.60
3.00,1.92,0.00,1.32,1.55,2.84,3.35,4.60,1.10,1.60
14.10,4.23,2.76,3.93,3.66,5.18,3.35,4.60,1.60,0.60
2274.89,589.23,2.09,6.92,3.31,11.88,3.85,0.10,0.10,0.10
392.58,602.27,1.61,6.44,2.73,11.41,3.85,0.10,0.10,0.60
220.37,613.78,1.40,6.28,2.53,11.25,3.85,0.10,0.10,1.10
155.94,624.19,1.33,6.18,2.41,11.15,3.85,0.10,0.10,1.60
2449.42,249.42,2.04,4.00,3.37,6.02,3.85,0.10,0.60,0.10
414.93,250.94,1.60,3.52,2.79,5.55,3.85,0.10,0.60,0.60
230.37,254.34,1.46,3.36,2.59,5.39,3.85,0.10,0.60,1.10
161.59,257.79,1.31,3.24,2.46,5.29,3.85,0.10,0.60,1.60
2637.24,189.82,2.08,3.48,3.46,4.98,3.85,0.10,1.10,0.10
436.07,188.76,1.60,3.01,2.87,4.50,3.85,0.10,1.10,0.60
240.30,190.45,1.42,2.85,2.67,4.34,3.85,0.10,1.10,1.10
167.84,192.49,1.37,2.75,2.52,4.24,3.85,0.10,1.10,1.60
2784.03,161.14,2.07,3.24,3.58,4.48,3.85,0.10,1.60,0.10
455.20,159.12,1.59,2.77,2.96,4.01,3.85,0.10,1.60,0.60
251.05,159.92,1.45,2.61,2.75,3.85,3.85,0.10,1.60,1.10
174.20,161.22,1.38,2.50,2.61,3.75,3.85,0.10,1.60,1.60
270.13,77.96,1.70,6.51,2.99,11.48,3.85,0.60,0.10,0.10
53.27,86.85,1.14,5.98,2.28,10.95,3.85,0.60,0.10,0.60
32.87,93.92,0.97,5.83,2.03,10.79,3.85,0.60,0.10,1.10
24.92,100.00,0.86,5.73,1.88,10.70,3.85,0.60,0.10,1.60
334.89,35.87,1.73,3.64,3.03,5.65,3.85,0.60,0.60,0.10
58.13,36.85,1.19,3.07,2.34,5.11,3.85,0.60,0.60,0.60
34.78,39.16,0.99,2.93,2.10,4.94,3.85,0.60,0.60,1.10
26.04,41.37,0.89,2.84,1.94,4.84,3.85,0.60,0.60,1.60
401.34,29.42,1.73,3.13,3.06,4.63,3.85,0.60,1.10,0.10
63.32,28.30,1.22,2.59,2.42,4.08,3.85,0.60,1.10,0.60
36.86,29.56,1.01,2.41,2.16,3.91,3.85,0.60,1.10,1.10
27.13,30.97,0.93,2.31,2.00,3.81,3.85,0.60,1.10,1.60
467.54,26.66,1.76,2.90,3.09,4.14,3.85,0.60,1.60,0.10
68.55,24.39,1.25,2.36,2.51,3.60,3.85,0.60,1.60,0.60
39.08,25.05,1.04,2.19,2.24,3.42,3.85,0.60,1.60,1.10
28.38,26.03,0.91,2.08,2.06,3.32,3.85,0.60,1.60,1.60
100.29,32.82,1.66,6.36,3.02,11.33,3.85,1.10,0.10,0.10
23.07,40.24,1.03,5.81,2.17,10.77,3.85,1.10,0.10,0.60
15.52,45.89,0.81,5.66,1.89,10.62,3.85,1.10,0.10,1.10
12.48,50.63,0.71,5.57,1.72,10.54,3.85,1.10,0.10,1.60
142.64,16.36,1.69,3.54,3.07,5.58,3.85,1.10,0.60,0.10
25.53,17.18,1.01,2.94,2.27,4.95,3.85,1.10,0.60,0.60
16.46,19.11,0.86,2.74,1.96,4.78,3.85,1.10,0.60,1.10
13.00,20.89,0.73,2.64,1.78,4.68,3.85,1.10,0.60,1.60
192.83,14.53,1.74,3.09,3.08,4.59,3.85,1.10,1.10,0.10
28.51,13.32,1.06,2.44,2.37,3.94,3.85,1.10,1.10,0.60
17.51,14.43,0.89,2.26,2.04,3.75,3.85,1.10,1.10,1.10
13.57,15.61,0.76,2.16,1.84,3.65,3.85,1.10,1.10,1.60
247.98,14.08,1.72,2.86,3.05,4.11,3.85,1.10,1.60,0.10
31.73,11.63,1.14,2.24,2.49,3.48,3.85,1.10,1.60,0.60
18.65,12.25,0.93,2.03,2.15,3.28,3.85,1.10,1.60,1.10
14.16,13.10,0.80,1.93,1.93,3.16,3.85,1.10,1.60,1.60
45.61,16.94,1.55,6.25,3.14,11.20,3.85,1.60,0.10,0.10
12.58,23.39,0.94,5.65,2.11,10.62,3.85,1.60,0.10,0.60
9.26,28.13,0.73,5.52,1.80,10.49,3.85,1.60,0.10,1.10
7.86,32.07,0.59,5.45,1.63,10.42,3.85,1.60,0.10,1.60
75.39,9.26,1.69,3.54,3.24,5.56,3.85,1.60,0.60,0.10
14.07,9.97,0.96,2.80,2.24,4.82,3.85,1.60,0.60,0.60
9.77,11.66,0.72,2.63,1.90,4.65,3.85,1.60,0.60,1.10
8.14,13.18,0.62,2.52,1.69,4.57,3.85,1.60,0.60,1.60
117.44,9.10,1.81,3.12,3.19,4.62,3.85,1.60,1.10,0.10
15.83,7.75,0.98,2.35,2.42,3.84,3.85,1.60,1.10,0.60
10.38,8.76,0.78,2.13,2.01,3.63,3.85,1.60,1.10,1.10
8.46,9.80,0.65,2.04,1.78,3.53,3.85,1.60,1.10,1.60
169.66,9.56,1.77,2.90,3.07,4.15,3.85,1.60,1.60,0.10
18.12,6.84,1.05,2.17,2.61,3.41,3.85,1.60,1.60,0.60
11.07,7.42,0.79,1.94,2.14,3.17,3.85,1.60,1.60,1.10
8.81,8.19,0.68,1.82,1.89,3.06,3.85,1.60,1.60,1.60
21.98,9.41,1.48,6.03,3.32,11.02,3.85,2.10,0.10,0.10
7.79,15.09,0.76,5.51,2.07,10.47,3.85,2.10,0.10,0.60
6.23,19.14,0.58,5.40,1.75,10.36,3.85,2.10,0.10,1.10
5.57,22.50,0.51,5.35,1.56,10.31,3.85,2.10,0.10,1.60
43.74,5.77,1.73,3.58,3.51,5.60,3.85,2.10,0.60,0.10
8.54,6.38,0.90,2.65,2.28,4.69,3.85,2.10,0.60,0.60
6.52,7.88,0.63,2.49,1.85,4.53,3.85,2.10,0.60,1.10
5.72,9.20,0.53,2.43,1.63,4.46,3.85,2.10,0.60,1.60
84.41,6.55,1.81,3.21,3.33,4.71,3.85,2.10,1.10,0.10
9.66,4.93,0.89,2.24,2.55,3.74,3.85,2.10,1.10,0.60
6.86,5.88,0.67,2.03,2.01,3.52,3.85,2.10,1.10,1.10
5.89,6.80,0.56,1.94,1.73,3.43,3.85,2.10,1.10,1.60
135.61,7.51,1.79,2.98,3.09,4.23,3.85,2.10,1.60,0.10
7.26,4.94,0.69,1.82,2.23,3.07,3.85,2.10,1.60,1.10
6.08,5.65,0.60,1.72,1.84,2.96,3.85,2.10,1.60,1.60
11.00,5.41,1.51,5.80,3.55,10.73,3.85,2.60,0.10,0.10
5.25,10.39,0.62,5.34,2.05,10.30,3.85,2.60,0.10,0.60
4.57,13.88,0.50,5.28,1.68,10.24,3.85,2.60,0.10,1.10
4.26,16.79,0.38,5.23,1.50,10.21,3.85,2.60,0.10,1.60
28.14,3.88,1.97,3.69,3.94,5.71,3.85,2.60,0.60,0.10
5.65,4.33,0.77,2.51,2.32,4.54,3.85,2.60,0.60,0.60
4.71,5.67,0.55,2.39,1.82,4.41,3.85,2.60,0.60,1.10
4.33,6.83,0.41,2.34,1.57,4.36,3.85,2.60,0.60,1.60
70.66,5.36,2.01,3.36,3.42,4.86,3.85,2.60,1.10,0.10
4.89,4.19,0.58,1.91,2.00,3.41,3.85,2.60,1.10,1.10
4.42,5.02,0.43,1.83,1.70,3.33,3.85,2.60,1.10,1.60
125.57,6.63,1.91,3.08,3.09,4.33,3.85,2.60,1.60,0.10
4.53,4.14,0.47,1.62,1.86,2.86,3.85,2.60,1.60,1.60
5.77,3.20,1.20,5.26,3.83,10.26,3.85,3.10,0.10,0.10
3.87,7.51,0.50,5.15,2.00,10.12,3.85,3.10,0.10,0.60
3.61,10.52,0.34,5.16,1.62,10.12,3.85,3.10,0.10,1.10
3.50,13.06,0.32,5.14,1.43,10.11,3.85,3.10,0.10,1.60
21.00,2.94,2.26,3.96,4.42,5.99,3.85,3.10,0.60,0.10
4.03,3.08,0.59,2.35,2.39,4.37,3.85,3.10,0.60,0.60
3.67,4.28,0.39,2.27,1.79,4.29,3.85,3.10,0.60,1.10
3.53,5.30,0.35,2.25,1.52,4.26,3.85,3.10,0.60,1.60
69.49,5.05,2.20,3.55,3.46,5.04,3.85,3.10,1.10,0.10
3.75,3.13,0.43,1.80,2.05,3.29,3.85,3.10,1.10,1.10
3.56,3.87,0.37,1.74,1.67,3.23,3.85,3.10,1.10,1.60
129.98,6.46,1.99,3.19,3.06,4.43,3.85,3.10,1.60,0.10
3.60,3.17,0.33,1.52,1.86,2.76,3.85,3.10,1.60,1.60
3.43,2.02,0.77,4.57,4.09,9.54,3.85,3.60,0.10,0.10
3.14,5.64,0.28,4.93,1.93,9.92,3.85,3.60,0.10,0.60
3.10,8.26,0.20,5.01,1.56,9.99,3.85,3.60,0.10,1.10
3.09,10.49,0.17,5.03,1.38,10.01,3.85,3.60,0.10,1.60
22.42,2.95,2.69,4.45,4.57,6.47,3.85,3.60,0.60,0.10
3.17,2.30,0.34,2.13,2.45,4.16,3.85,3.60,0.60,0.60
3.11,3.35,0.23,2.13,1.73,4.15,3.85,3.60,0.60,1.10
3.09,4.25,0.19,2.14,1.49,4.16,3.85,3.60,0.60,1.60
81.48,5.41,2.30,3.71,3.43,5.21,3.85,3.60,1.10,0.10
3.12,2.43,0.21,1.67,2.09,3.16,3.85,3.60,1.10,1.10
3.10,3.10,0.21,1.63,1.63,3.13,3.85,3.60,1.10,1.60
146.51,6.74,2.08,3.27,3.02,4.52,3.85,3.60,1.60,0.10
19.37,5.64,4.00,5.20,4.93,6.43,3.85,3.60,1.60,0.60
3.10,2.52,0.20,1.42,1.92,2.66,3.85,3.60,1.60,1.60
3.00,4.40,0.00,4.73,1.87,9.70,3.85,4.10,0.10,0.60
3.00,6.68,0.00,4.88,1.50,9.85,3.85,4.10,0.10,1.10
3.00,8.64,0.00,4.95,1.32,9.91,3.85,4.10,0.10,1.60
35.95,4.02,2.99,4.87,4.37,6.89,3.85,4.10,0.60,0.10
3.00,2.72,0.00,1.99,1.71,4.02,3.85,4.10,0.60,1.10
3.00,3.51,0.00,2.04,1.42,4.06,3.85,4.10,0.60,1.60
104.34,6.22,2.40,3.84,3.37,5.34,3.85,4.10,1.10,0.10
3.00,2.56,0.00,1.54,1.60,3.03,3.85,4.10,1.10,1.60
3.00,3.55,0.00,4.47,1.77,9.47,3.85,4.60,0.10,0.60
3.00,5.53,0.00,4.77,1.43,9.72,3.85,4.60,0.10,1.10
3.00,7.27,0.00,4.85,1.26,9.81,3.85,4.60,0.10,1.60
62.98,5.82,3.13,5.09,4.19,7.11,3.85,4.60,0.60,0.10
3.00,2.28,0.00,1.85,1.63,3.88,3.85,4.60,0.60,1.10
3.00,2.97,0.00,1.94,1.36,3.96,3.85,4.60,0.60,1.60
3.00,2.17,0.00,1.42,1.55,2.92,3.85,4.60,1.10,1.60
9.02,2.98,2.74,3.92,3.94,5.16,3.85,4.60,1.60,0.60
3274.01,753.63,1.88,6.77,3.03,11.74,4.35,0.10,0.10,0.10
561.88,766.31,1.51,6.36,2.51,11.32,4.35,0.10,0.10,0.60
314.57,777.51,1.35,6.22,2.34,11.18,4.35,0.10,0.10,1.10
220.54,787.67,1.25,6.13,2.23,11.09,4.35,0.10,0.10,1.60
3506.60,316.92,1.93,3.84,3.07,5.88,4.35,0.10,0.60,0.10
589.02,318.28,1.49,3.42,2.56,5.45,4.35,0.10,0.60,0.60
326.39,321.61,1.35,3.28,2.38,5.31,4.35,0.10,0.60,1.10
227.87,325.01,1.25,3.21,2.27,5.22,4.35,0.10,0.60,1.60
3703.13,239.90,1.91,3.33,3.12,4.83,4.35,0.10,1.10,0.10
612.63,238.82,1.52,2.91,2.61,4.41,4.35,0.10,1.10,0.60
338.08,240.46,1.37,2.77,2.43,4.26,4.35,0.10,1.10,1.10
235.20,242.48,1.26,2.68,2.31,4.18,4.35,0.10,1.10,1.60
3885.47,202.98,1.92,3.09,3.19,4.33,4.35,0.10,1.60,0.10
634.80,200.79,1.54,2.66,2.67,3.91,4.35,0.10,1.60,0.60
348.95,201.67,1.35,2.52,2.48,3.76,4.35,0.10,1.60,1.10
242.66,202.96,1.27,2.43,2.37,3.68,4.35,0.10,1.60,1.60
403.54,101.99,1.58,6.42,2.73,11.38,4.35,0.60,0.10,0.10
76.13,110.54,1.11,5.95,2.12,10.92,4.35,0.60,0.10,0.60
45.68,117.69,0.98,5.81,1.90,10.78,4.35,0.60,0.10,1.10
34.06,123.82,0.85,5.72,1.78,10.69,4.35,0.60,0.10,1.60
478.79,45.83,1.61,3.50,2.75,5.54,4.35,0.60,0.60,0.10
82.10,46.77,1.15,3.03,2.16,5.07,4.35,0.60,0.60,0.60
48.07,49.06,1.00,2.91,1.95,4.92,4.35,0.60,0.60,1.10
35.53,51.27,0.87,2.80,1.82,4.83,4.35,0.60,0.60,1.60
555.19,36.86,1.62,3.01,2.77,4.51,4.35,0.60,1.10,0.10
88.59,35.78,1.13,2.54,2.22,4.03,4.35,0.60,1.10,0.60
50.70,37.01,0.96,2.38,2.00,3.88,4.35,0.60,1.10,1.10
37.00,38.41,0.89,2.28,1.86,3.79,4.35,0.60,1.10,1.60
630.46,32.90,1.61,2.78,2.79,4.02,4.35,0.60,1.60,0.10
95.17,30.70,1.14,2.30,2.26,3.55,4.35,0.60,1.60,0.60
53.54,31.35,0.98,2.14,2.04,3.39,4.35,0.60,1.60,1.10
38.52,32.31,0.90,2.05,1.90,3.29,4.35,0.60,1.60,1.60
155.74,44.08,1.54,6.30,2.75,11.27,4.35,1.10,0.10,0.10
33.07,51.43,1.00,5.81,2.03,10.77,4.35,1.10,0.10,0.60
21.31,57.17,0.84,5.65,1.79,10.63,4.35,1.10,0.10,1.10
16.66,62.00,0.72,5.58,1.65,10.55,4.35,1.10,0.10,1.60
206.08,21.13,1.57,3.45,2.77,5.47,4.35,1.10,0.60,0.10
36.11,21.92,1.05,2.89,2.09,4.93,4.35,1.10,0.60,0.60
22.54,23.84,0.84,2.77,1.85,4.77,4.35,1.10,0.60,1.10
17.36,25.67,0.76,2.67,1.69,4.69,4.35,1.10,0.60,1.60
262.18,18.08,1.60,2.97,2.77,4.46,4.35,1.10,1.10,0.10
39.89,16.96,1.07,2.42,2.16,3.91,4.35,1.10,1.10,0.60
23.92,18.03,0.85,2.25,1.90,3.74,4.35,1.10,1.10,1.10
18.06,19.23,0.79,2.15,1.74,3.65,4.35,1.10,1.10,1.60
323.56,17.04,1.58,2.73,2.76,3.97,4.35,1.10,1.60,0.10
44.06,14.76,1.04,2.20,2.22,3.43,4.35,1.10,1.60,0.60
25.44,15.33,0.88,2.01,1.96,3.26,4.35,1.10,1.60,1.10
18.92,16.18,0.75,1.92,1.79,3.16,4.35,1.10,1.60,1.60
73.46,23.43,1.51,6.21,2.85,11.17,4.35,1.60,0.10,0.10
18.07,29.99,0.89,5.68,2.00,10.64,4.35,1.60,0.10,0.60
12.53,34.88,0.74,5.54,1.73,10.51,4.35,1.60,0.10,1.10
10.29,38.97,0.62,5.47,1.56,10.44,4.35,1.60,0.10,1.60
109.28,12.08,1.54,3.42,2.89,5.44,4.35,1.60,0.60,0.10
20.04,12.82,0.94,2.81,2.08,4.82,4.35,1.60,0.60,0.60
13.26,14.53,0.74,2.65,1.79,4.67,4.35,1.60,0.60,1.10
10.68,16.08,0.63,2.58,1.62,4.58,4.35,1.60,0.60,1.60
158.00,11.19,1.60,2.97,2.86,4.47,4.35,1.60,1.10,0.10
22.38,9.97,0.96,2.33,2.17,3.82,4.35,1.60,1.10,0.60
14.08,10.97,0.79,2.14,1.86,3.64,4.35,1.60,1.10,1.10
11.12,12.01,0.65,2.05,1.68,3.55,4.35,1.60,1.10,1.60
213.29,11.25,1.62,2.75,2.79,4.00,4.35,1.60,1.60,0.10
25.23,8.77,1.01,2.12,2.28,3.37,4.35,1.60,1.60,0.60
15.04,9.32,0.80,1.93,1.95,3.17,4.35,1.60,1.60,1.10
11.61,10.08,0.68,1.82,1.75,3.06,4.35,1.60,1.60,1.60
37.01,13.47,1.51,6.10,2.98,11.05,4.35,2.10,0.10,0.10
10.94,19.31,0.79,5.56,1.98,10.52,4.35,2.10,0.10,0.60
8.23,23.57,0.63,5.43,1.68,10.40,4.35,2.10,0.10,1.10
7.09,27.11,0.56,5.37,1.51,10.34,4.35,2.10,0.10,1.60
64.16,7.60,1.58,3.43,3.07,5.45,4.35,2.10,0.60,0.10
12.18,8.25,0.85,2.69,2.10,4.72,4.35,2.10,0.60,0.60
8.66,9.77,0.68,2.52,1.76,4.57,4.35,2.10,0.60,1.10
7.32,11.14,0.58,2.48,1.56,4.49,4.35,2.10,0.60,1.60
107.49,7.79,1.67,3.03,2.99,4.53,4.35,2.10,1.10,0.10
13.70,6.41,0.90,2.25,2.25,3.74,4.35,2.10,1.10,0.60
9.16,7.35,0.69,2.04,1.86,3.55,4.35,2.10,1.10,1.10
7.57,8.29,0.61,1.97,1.63,3.46,4.35,2.10,1.10,1.60
160.83,8.46,1.64,2.82,2.85,4.05,4.35,2.10,1.60,0.10
15.72,5.68,0.97,2.07,2.42,3.31,4.35,2.10,1.60,0.60
9.74,6.22,0.70,1.85,1.99,3.08,4.35,2.10,1.60,1.10
7.87,6.93,0.59,1.73,1.73,2.98,4.35,2.10,1.60,1.60
19.28,8.00,1.41,5.90,3.18,10.87,4.35,2.60,0.10,0.10
7.19,13.23,0.71,5.42,1.96,10.39,4.35,2.60,0.10,0.60
5.84,16.95,0.57,5.32,1.63,10.30,4.35,2.60,0.10,1.10
5.25,20.04,0.49,5.28,1.45,10.25,4.35,2.60,0.10,1.60
39.89,5.05,1.76,3.46,3.35,5.50,4.35,2.60,0.60,0.10
7.86,5.60,0.75,2.58,2.14,4.60,4.35,2.60,0.60,0.60
6.07,6.98,0.62,2.43,1.74,4.46,4.35,2.60,0.60,1.10
5.38,8.20,0.46,2.37,1.52,4.40,4.35,2.60,0.60,1.60
82.28,5.99,1.78,3.13,3.13,4.63,4.35,2.60,1.10,0.10
8.86,4.33,0.85,2.16,2.37,3.65,4.35,2.60,1.10,0.60
6.38,5.21,0.64,1.96,1.87,3.45,4.35,2.60,1.10,1.10
5.54,6.07,0.49,1.87,1.62,3.37,4.35,2.60,1.10,1.60
137.73,7.07,1.73,2.90,2.88,4.14,4.35,2.60,1.60,0.10
6.76,4.38,0.66,1.77,2.06,3.00,4.35,2.60,1.60,1.10
5.72,5.04,0.53,1.66,1.73,2.90,4.35,2.60,1.60,1.60
10.10,4.82,1.30,5.57,3.39,10.58,4.35,3.10,0.10,0.10
5.04,9.47,0.60,5.28,1.94,10.23,4.35,3.10,0.10,0.60
4.41,12.73,0.49,5.21,1.60,10.19,4.35,3.10,0.10,1.10
4.15,15.44,0.38,5.19,1.41,10.17,4.35,3.10,0.10,1.60
26.85,3.56,1.92,3.57,3.75,5.61,4.35,3.10,0.60,0.10
5.39,3.96,0.64,2.43,2.20,4.46,4.35,3.10,0.60,0.60
4.54,5.21,0.46,2.32,1.72,4.35,4.35,3.10,0.60,1.10
4.22,6.29,0.40,2.30,1.49,4.31,4.35,3.10,0.60,1.60
71.41,5.13,1.88,3.28,3.23,4.77,4.35,3.10,1.10,0.10
4.70,3.86,0.56,1.86,1.89,3.35,4.35,3.10,1.10,1.10
4.30,4.63,0.43,1.80,1.59,3.29,4.35,3.10,1.10,1.60
132.08,6.50,1.83,3.00,2.90,4.24,4.35,3.10,1.60,0.10
4.39,3.83,0.46,1.57,1.73,2.81,4.35,3.10,1.60,1.60
5.55,2.98,1.16,5.15,3.64,10.11,4.35,3.60,0.10,0.10
3.80,7.03,0.49,5.11,1.91,10.06,4.35,3.60,0.10,0.60
3.57,9.88,0.32,5.11,1.54,10.07,4.35,3.60,0.10,1.10
3.46,12.28,0.32,5.10,1.37,10.07,4.35,3.60,0.10,1.60
21.01,2.82,2.19,3.87,4.22,5.89,4.35,3.60,0.60,0.10
3.94,2.91,0.57,2.28,2.24,4.30,4.35,3.60,0.60,0.60
3.62,4.03,0.38,2.21,1.69,4.24,4.35,3.60,0.60,1.10
3.48,4.99,0.26,2.21,1.45,4.22,4.35,3.60,0.60,1.60
73.62,5.00,2.09,3.45,3.28,4.95,4.35,3.60,1.10,0.10
3.69,2.96,0.42,1.75,1.91,3.24,4.35,3.60,1.10,1.10
3.52,3.66,0.29,1.70,1.56,3.19,4.35,3.60,1.10,1.60
140.00,6.48,1.93,3.10,2.89,4.34,4.35,3.60,1.60,0.10
3.57,3.00,0.33,1.47,1.76,2.72,4.35,3.60,1.60,1.60
3.40,1.94,0.75,4.43,3.91,9.41,4.35,4.10,0.10,0.10
3.14,5.39,0.28,4.88,1.85,9.87,4.35,4.10,0.10,0.60
3.10,7.89,0.20,4.98,1.49,9.95,4.35,4.10,0.10,1.10
3.08,10.02,0.17,5.01,1.33,9.98,4.35,4.10,0.10,1.60
23.21,2.91,2.61,4.34,4.31,6.36,4.35,4.10,0.60,0.10
3.16,2.22,0.33,2.08,2.34,4.11,4.35,4.10,0.60,0.60
3.11,3.21,0.23,2.08,1.67,4.11,4.35,4.10,0.60,1.10
3.08,4.07,0.19,2.10,1.42,4.13,4.35,4.10,0.60,1.60
86.98,5.43,2.22,3.62,3.26,5.11,4.35,4.10,1.10,0.10
3.12,2.35,0.21,1.59,1.98,3.11,4.35,4.10,1.10,1.10
3.09,2.98,0.17,1.60,1.55,3.10,4.35,4.10,1.10,1.60
159.48,6.85,1.99,3.19,2.86,4.43,4.35,4.10,1.60,0.10
21.11,5.75,3.87,5.05,4.73,6.29,4.35,4.10,1.60,0.60
3.10,2.43,0.20,1.37,1.78,2.63,4.35,4.10,1.60,1.60
3.00,4.26,0.00,4.67,1.80,9.66,4.35,4.60,0.10,0.60
3.00,6.45,0.00,4.87,1.44,9.82,4.35,4.60,0.10,1.10
3.00,8.34,0.00,4.92,1.26,9.89,4.35,4.60,0.10,1.60
37.54,3.99,2.89,4.74,4.17,6.76,4.35,4.60,0.60,0.10
3.00,2.64,0.00,1.96,1.61,3.98,4.35,4.60,0.60,1.10
3.00,3.40,0.00,2.02,1.36,4.03,4.35,4.60,0.60,1.60
111.57,6.29,2.33,3.75,3.22,5.24,4.35,4.60,1.10,0.10
3.00,2.49,0.00,1.50,1.50,3.00,4.35,4.60,1.10,1.60
189.91,7.49,2.05,3.25,2.82,4.50,4.35,4.60,1.60,0.10
4585.05,939.28,1.79,6.65,2.79,11.62,4.85,0.10,0.10,0.10
774.36,950.66,1.38,6.28,2.34,11.24,4.85,0.10,0.10,0.60
430.72,961.77,1.29,6.15,2.18,11.12,4.85,0.10,0.10,1.10
301.49,971.72,1.18,6.08,2.08,11.04,4.85,0.10,0.10,1.60
4823.86,392.72,1.79,3.73,2.83,5.75,4.85,0.10,0.60,0.10
804.66,393.94,1.43,3.36,2.37,5.37,4.85,0.10,0.60,0.60
444.31,397.16,1.30,3.21,2.21,5.25,4.85,0.10,0.60,1.10
309.96,400.50,1.18,3.15,2.12,5.17,4.85,0.10,0.60,1.60
5037.78,296.05,1.78,3.21,2.86,4.70,4.85,0.10,1.10,0.10
832.28,294.93,1.44,2.82,2.41,4.32,4.85,0.10,1.10,0.60
457.91,296.52,1.31,2.69,2.25,4.20,4.85,0.10,1.10,1.10
318.57,298.49,1.19,2.61,2.15,4.12,4.85,0.10,1.10,1.60
5245.28,249.75,1.79,2.95,2.91,4.20,4.85,0.10,1.60,0.10
863.49,247.61,1.41,2.58,2.45,3.82,4.85,0.10,1.60,0.60
472.45,248.39,1.28,2.46,2.28,3.69,4.85,0.10,1.60,1.10
327.32,249.65,1.20,2.37,2.18,3.61,4.85,0.10,1.60,1.60
575.75,129.42,1.50,6.33,2.51,11.30,4.85,0.60,0.10,0.10
105.75,137.79,1.06,5.92,1.98,10.89,4.85,0.60,0.10,0.60
62.01,144.74,0.91,5.79,1.80,10.76,4.85,0.60,0.10,1.10
45.60,150.93,0.86,5.72,1.68,10.68,4.85,0.60,0.10,1.60
661.84,57.14,1.50,3.42,2.53,5.45,4.85,0.60,0.60,0.10
111.86,58.04,1.11,3.00,2.02,5.03,4.85,0.60,0.60,0.60
64.95,60.28,0.91,2.88,1.83,4.90,4.85,0.60,0.60,1.10
47.31,62.50,0.87,2.78,1.71,4.81,4.85,0.60,0.60,1.60
745.49,45.27,1.49,2.91,2.54,4.41,4.85,0.60,1.10,0.10
120.29,44.21,1.09,2.50,2.05,3.99,4.85,0.60,1.10,0.60
68.19,45.41,0.93,2.34,1.86,3.85,4.85,0.60,1.10,1.10
49.08,46.81,0.88,2.26,1.75,3.77,4.85,0.60,1.10,1.60
829.52,39.93,1.53,2.67,2.56,3.91,4.85,0.60,1.60,0.10
128.27,37.82,1.09,2.25,2.08,3.49,4.85,0.60,1.60,0.60
71.53,38.41,0.96,2.11,1.90,3.35,4.85,0.60,1.60,1.10
50.91,39.37,0.89,2.02,1.78,3.27,4.85,0.60,1.60,1.60
229.77,57.17,1.42,6.23,2.52,11.20,4.85,1.10,0.10,0.10
46.14,64.46,0.97,5.79,1.91,10.76,4.85,1.10,0.10,0.60
28.75,70.22,0.79,5.66,1.69,10.62,4.85,1.10,0.10,1.10
22.05,75.16,0.71,5.58,1.57,10.55,4.85,1.10,0.10,1.60
287.65,26.60,1.47,3.36,2.54,5.38,4.85,1.10,0.60,0.10
50.26,27.41,0.97,2.87,1.95,4.91,4.85,1.10,0.60,0.60
30.37,29.33,0.84,2.74,1.74,4.77,4.85,1.10,0.60,1.10
22.94,31.14,0.74,2.66,1.60,4.69,4.85,1.10,0.60,1.60
350.32,22.16,1.49,2.85,2.54,4.35,4.85,1.10,1.10,0.10
54.73,21.11,0.99,2.38,1.99,3.88,4.85,1.10,1.10,0.60
32.08,22.18,0.86,2.23,1.77,3.73,4.85,1.10,1.10,1.10
23.82,23.35,0.77,2.15,1.64,3.64,4.85,1.10,1.10,1.60
419.22,20.46,1.46,2.62,2.53,3.86,4.85,1.10,1.60,0.10
59.63,18.28,1.01,2.15,2.04,3.39,4.85,1.10,1.60,0.60
34.00,18.85,0.85,1.99,1.82,3.24,4.85,1.10,1.60,1.10
24.85,19.67,0.78,1.91,1.67,3.15,4.85,1.10,1.60,1.60
110.70,31.17,1.35,6.16,2.60,11.13,4.85,1.60,0.10,0.10
25.18,37.73,0.90,5.69,1.89,10.65,4.85,1.60,0.10,0.60
16.76,42.75,0.74,5.56,1.64,10.52,4.85,1.60,0.10,1.10
13.40,46.96,0.64,5.48,1.50,10.45,4.85,1.60,0.10,1.60
155.59,15.41,1.46,3.32,2.62,5.35,4.85,1.60,0.60,0.10
27.71,16.13,0.89,2.77,1.94,4.82,4.85,1.60,0.60,0.60
17.73,17.85,0.76,2.63,1.69,4.67,4.85,1.60,0.60,1.10
13.93,19.43,0.66,2.57,1.54,4.59,4.85,1.60,0.60,1.60
208.32,13.64,1.46,2.86,2.60,4.35,4.85,1.60,1.10,0.10
30.80,12.53,0.93,2.31,2.00,3.80,4.85,1.60,1.10,0.60
18.81,13.51,0.78,2.14,1.75,3.64,4.85,1.60,1.10,1.10
14.48,14.56,0.69,2.06,1.58,3.56,4.85,1.60,1.10,1.60
268.80,13.27,1.49,2.64,2.56,3.87,4.85,1.60,1.60,0.10
33.96,10.95,1.00,2.08,2.05,3.33,4.85,1.60,1.60,0.60
19.98,11.50,0.81,1.92,1.80,3.16,4.85,1.60,1.60,1.10
15.14,12.25,0.67,1.82,1.63,3.06,4.85,1.60,1.60,1.60
58.82,18.44,1.43,6.09,2.72,11.05,4.85,2.10,0.10,0.10
15.27,24.40,0.80,5.58,1.87,10.55,4.85,2.10,0.10,0.60
10.87,28.80,0.66,5.46,1.61,10.43,4.85,2.10,0.10,1.10
9.06,32.48,0.56,5.40,1.45,10.37,4.85,2.10,0.10,1.60
91.61,9.79,1.46,3.32,2.76,5.35,4.85,2.10,0.60,0.10
16.95,10.44,0.85,2.72,1.97,4.73,4.85,2.10,0.60,0.60
11.47,11.99,0.69,2.54,1.67,4.59,4.85,2.10,0.60,1.10
9.39,13.40,0.58,2.50,1.51,4.51,4.85,2.10,0.60,1.60
138.59,9.36,1.54,2.89,2.71,4.39,4.85,2.10,1.10,0.10
18.90,8.14,0.93,2.24,2.06,3.73,4.85,2.10,1.10,0.60
12.17,9.06,0.70,2.07,1.74,3.56,4.85,2.10,1.10,1.10
9.76,10.01,0.61,1.99,1.56,3.48,4.85,2.10,1.10,1.60
195.44,9.70,1.54,2.67,2.62,3.92,4.85,2.10,1.60,0.10
21.31,7.18,0.89,2.05,2.14,3.28,4.85,2.10,1.60,0.60
12.89,7.70,0.69,1.84,1.81,3.09,4.85,2.10,1.60,1.10
10.14,8.40,0.64,1.74,1.62,2.99,4.85,2.10,1.60,1.60
31.65,11.28,1.36,5.96,2.87,10.93,4.85,2.60,0.10,0.10
9.86,16.70,0.76,5.48,1.88,10.44,4.85,2.60,0.10,0.60
7.54,20.60,0.61,5.37,1.59,10.34,4.85,2.60,0.10,1.10
6.56,23.85,0.48,5.31,1.42,10.29,4.85,2.60,0.10,1.60
57.28,6.55,1.52,3.34,2.96,5.36,4.85,2.60,0.60,0.10
10.93,7.13,0.78,2.60,1.99,4.64,4.85,2.60,0.60,0.60
7.93,8.54,0.61,2.49,1.66,4.50,4.85,2.60,0.60,1.10
6.77,9.80,0.51,2.41,1.48,4.44,4.85,2.60,0.60,1.60
100.79,6.96,1.59,2.95,2.84,4.45,4.85,2.60,1.10,0.10
12.24,5.56,0.90,2.16,2.14,3.66,4.85,2.60,1.10,0.60
8.37,6.43,0.64,1.98,1.74,3.48,4.85,2.60,1.10,1.10
7.01,7.30,0.53,1.91,1.54,3.40,4.85,2.60,1.10,1.60
157.45,7.77,1.61,2.74,2.68,3.98,4.85,2.60,1.60,0.10
14.14,4.93,0.90,1.99,2.29,3.24,4.85,2.60,1.60,0.60
8.90,5.44,0.66,1.77,1.86,3.02,4.85,2.60,1.60,1.10
7.26,6.10,0.57,1.69,1.61,2.92,4.85,2.60,1.60,1.60
17.28,7.01,1.40,5.79,3.04,10.75,4.85,3.10,0.10,0.10
6.75,11.91,0.68,5.35,1.87,10.32,4.85,3.10,0.10,0.60
5.53,15.37,0.48,5.28,1.54,10.24,4.85,3.10,0.10,1.10
5.04,18.25,0.43,5.25,1.38,10.21,4.85,3.10,0.10,1.60
37.36,4.55,1.65,3.39,3.24,5.41,4.85,3.10,0.60,0.10
7.37,5.04,0.72,2.49,2.03,4.53,4.85,3.10,0.60,0.60
5.77,6.34,0.52,2.40,1.64,4.41,4.85,3.10,0.60,1.10
5.16,7.47,0.45,2.31,1.45,4.36,4.85,3.10,0.60,1.60
80.80,5.60,1.72,3.06,2.98,4.56,4.85,3.10,1.10,0.10
8.27,3.91,0.82,2.10,2.26,3.58,4.85,3.10,1.10,0.60
6.02,4.74,0.61,1.91,1.77,3.40,4.85,3.10,1.10,1.10
5.29,5.54,0.48,1.83,1.52,3.33,4.85,3.10,1.10,1.60
140.27,6.77,1.68,2.83,2.73,4.07,4.85,3.10,1.60,0.10
6.38,3.99,0.63,1.71,1.93,2.94,4.85,3.10,1.60,1.10
5.44,4.61,0.52,1.60,1.62,2.85,4.85,3.10,1.60,1.60
9.43,4.39,1.22,5.50,3.27,10.45,4.85,3.60,0.10,0.10
4.87,8.77,0.58,5.22,1.85,10.17,4.85,3.60,0.10,0.60
4.31,11.84,0.41,5.17,1.52,10.14,4.85,3.60,0.10,1.10
4.06,14.40,0.37,5.16,1.35,10.13,4.85,3.60,0.10,1.60
26.05,3.33,1.83,3.51,3.62,5.54,4.85,3.60,0.60,0.10
5.21,3.68,0.63,2.37,2.08,4.40,4.85,3.60,0.60,0.60
4.43,4.86,0.45,2.27,1.63,4.31,4.85,3.60,0.60,1.10
4.12,5.88,0.39,2.24,1.43,4.28,4.85,3.60,0.60,1.60
72.82,4.96,1.88,3.20,3.08,4.70,4.85,3.60,1.10,0.10
4.56,3.60,0.47,1.80,1.80,3.30,4.85,3.60,1.10,1.10
4.19,4.34,0.42,1.75,1.50,3.25,4.85,3.60,1.10,1.60
137.57,6.41,1.74,2.93,2.75,4.17,4.85,3.60,1.60,0.10
4.75,3.00,0.57,1.62,2.08,2.86,4.85,3.60,1.60,1.10
4.27,3.59,0.39,1.52,1.65,2.77,4.85,3.60,1.60,1.60
5.37,2.80,1.13,5.00,3.52,9.99,4.85,4.10,0.10,0.10
3.74,6.65,0.40,5.06,1.84,10.01,4.85,4.10,0.10,0.60
3.53,9.36,0.31,5.07,1.48,10.03,4.85,4.10,0.10,1.10
3.43,11.65,0.24,5.08,1.31,10.04,4.85,4.10,0.10,1.60
21.05,2.72,2.14,3.78,4.00,5.81,4.85,4.10,0.60,0.10
3.88,2.76,0.54,2.21,2.15,4.24,4.85,4.10,0.60,0.60
3.58,3.83,0.36,2.18,1.63,4.20,4.85,4.10,0.60,1.10
3.46,4.74,0.26,2.14,1.39,4.19,4.85,4.10,0.60,1.60
76.91,4.95,2.00,3.37,3.12,4.87,4.85,4.10,1.10,0.10
3.64,2.82,0.42,1.71,1.83,3.20,4.85,4.10,1.10,1.10
3.49,3.49,0.29,1.67,1.49,3.16,4.85,4.10,1.10,1.60
149.12,6.49,1.84,3.03,2.75,4.27,4.85,4.10,1.60,0.10
3.53,2.87,0.32,1.44,1.67,2.69,4.85,4.10,1.60,1.60
3.38,1.88,0.74,4.31,3.77,9.30,4.85,4.60,0.10,0.10
3.13,5.18,0.28,4.87,1.80,9.82,4.85,4.60,0.10,0.60
3.09,7.57,0.20,4.95,1.44,9.92,4.85,4.60,0.10,1.10
3.08,9.62,0.17,5.00,1.26,9.96,4.85,4.60,0.10,1.60
23.93,2.88,2.53,4.22,4.13,6.26,4.85,4.60,0.60,0.10
3.15,2.15,0.33,2.05,2.21,4.06,4.85,4.60,0.60,0.60
3.10,3.10,0.17,2.06,1.60,4.08,4.85,4.60,0.60,1.10
3.08,3.92,0.15,2.08,1.37,4.10,4.85,4.60,0.60,1.60
91.88,5.44,2.12,3.53,3.12,5.03,4.85,4.60,1.10,0.10
3.11,2.27,0.21,1.57,1.86,3.08,4.85,4.60,1.10,1.10
3.09,2.88,0.17,1.56,1.49,3.07,4.85,4.60,1.10,1.60
171.09,6.93,1.93,3.12,2.73,4.35,4.85,4.60,1.60,0.10
22.66,5.82,3.75,4.93,4.54,6.16,4.85,4.60,1.60,0.60
3.09,2.36,0.20,1.34,1.69,2.60,4.85,4.60,1.60,1.60
6168.06,1145.40,1.66,6.55,2.59,11.52,5.35,0.10,0.10,0.10
1043.13,1156.44,1.32,6.21,2.18,11.18,5.35,0.10,0.10,0.60
573.05,1166.54,1.23,6.09,2.04,11.06,5.35,0.10,0.10,1.10
401.01,1175.59,1.14,6.02,1.96,10.99,5.35,0.10,0.10,1.60
6431.70,476.88,1.68,3.62,2.61,5.65,5.35,0.10,0.60,0.10
1066.22,477.88,1.30,3.28,2.20,5.30,5.35,0.10,0.60,0.60
587.66,481.02,1.24,3.16,2.07,5.19,5.35,0.10,0.60,1.10
410.93,484.07,1.14,3.09,1.98,5.12,5.35,0.10,0.60,1.60
6666.38,358.28,1.66,3.09,2.64,4.59,5.35,0.10,1.10,0.10
1101.45,357.02,1.31,2.76,2.23,4.25,5.35,0.10,1.10,0.60
604.31,358.57,1.20,2.65,2.09,4.14,5.35,0.10,1.10,1.10
420.74,360.43,1.15,2.57,2.00,4.06,5.35,0.10,1.10,1.60
6877.06,301.52,1.70,2.84,2.67,4.09,5.35,0.10,1.60,0.10
1136.33,299.43,1.32,2.50,2.26,3.75,5.35,0.10,1.60,0.60
621.94,299.92,1.23,2.39,2.12,3.63,5.35,0.10,1.60,1.10
430.45,301.18,1.15,2.32,2.02,3.56,5.35,0.10,1.60,1.60
792.53,160.26,1.40,6.26,2.33,11.23,5.35,0.60,0.10,0.10
142.58,168.43,1.03,5.89,1.86,10.86,5.35,0.60,0.10,0.60
82.75,175.33,0.91,5.77,1.70,10.74,5.35,0.60,0.10,1.10
59.78,181.38,0.84,5.70,1.60,10.67,5.35,0.60,0.10,1.60
886.63,69.81,1.43,3.34,2.35,5.37,5.35,0.60,0.60,0.10
150.88,70.71,1.05,2.97,1.88,4.99,5.35,0.60,0.60,0.60
86.30,72.92,0.92,2.85,1.73,4.87,5.35,0.60,0.60,1.10
61.95,75.07,0.84,2.76,1.62,4.80,5.35,0.60,0.60,1.60
981.98,54.68,1.43,2.82,2.35,4.32,5.35,0.60,1.10,0.10
159.70,53.68,1.03,2.44,1.91,3.95,5.35,0.60,1.10,0.60
89.87,54.86,0.90,2.33,1.75,3.82,5.35,0.60,1.10,1.10
64.13,56.21,0.85,2.26,1.65,3.75,5.35,0.60,1.10,1.60
1074.25,47.78,1.44,2.58,2.36,3.82,5.35,0.60,1.60,0.10
168.46,45.73,1.03,2.21,1.94,3.45,5.35,0.60,1.60,0.60
93.71,46.32,0.93,2.08,1.78,3.32,5.35,0.60,1.60,1.10
66.29,47.25,0.86,2.01,1.67,3.24,5.35,0.60,1.60,1.60
324.52,72.10,1.36,6.18,2.34,11.14,5.35,1.10,0.10,0.10
62.75,79.29,0.93,5.78,1.80,10.74,5.35,1.10,0.10,0.60
38.20,85.08,0.78,5.65,1.61,10.62,5.35,1.10,0.10,1.10
28.69,90.06,0.73,5.58,1.50,10.55,5.35,1.10,0.10,1.60
389.57,32.80,1.39,3.28,2.34,5.30,5.35,1.10,0.60,0.10
67.55,33.62,0.93,2.86,1.82,4.89,5.35,1.10,0.60,0.60
40.17,35.52,0.79,2.72,1.64,4.76,5.35,1.10,0.60,1.10
29.80,37.33,0.71,2.65,1.52,4.68,5.35,1.10,0.60,1.60
462.08,26.79,1.39,2.76,2.34,4.27,5.35,1.10,1.10,0.10
73.03,25.80,0.96,2.35,1.85,3.85,5.35,1.10,1.10,0.60
42.30,26.84,0.81,2.22,1.67,3.71,5.35,1.10,1.10,1.10
30.94,28.00,0.71,2.13,1.55,3.63,5.35,1.10,1.10,1.60
537.19,24.31,1.38,2.53,2.33,3.77,5.35,1.10,1.60,0.10
78.49,22.21,0.97,2.11,1.88,3.36,5.35,1.10,1.60,0.60
44.50,22.78,0.84,1.97,1.70,3.22,5.35,1.10,1.60,1.10
32.17,23.59,0.76,1.90,1.58,3.14,5.35,1.10,1.60,1.60
163.65,40.20,1.34,6.12,2.40,11.09,5.35,1.60,0.10,0.10
34.19,46.68,0.90,5.68,1.78,10.65,5.35,1.60,0.10,0.60
22.12,51.76,0.73,5.57,1.57,10.53,5.35,1.60,0.10,1.10
17.26,56.07,0.65,5.49,1.44,10.46,5.35,1.60,0.10,1.60
213.77,19.22,1.34,3.26,2.41,5.28,5.35,1.60,0.60,0.10
37.53,19.91,0.87,2.78,1.83,4.81,5.35,1.60,0.60,0.60
23.35,21.64,0.75,2.64,1.60,4.67,5.35,1.60,0.60,1.10
17.91,23.24,0.67,2.56,1.47,4.60,5.35,1.60,0.60,1.60
271.76,16.46,1.35,2.76,2.39,4.26,5.35,1.60,1.10,0.10
41.24,15.42,0.93,2.28,1.86,3.78,5.35,1.60,1.10,0.60
24.69,16.37,0.76,2.14,1.64,3.64,5.35,1.60,1.10,1.10
18.67,17.44,0.65,2.06,1.50,3.56,5.35,1.60,1.10,1.60
336.76,15.59,1.40,2.54,2.36,3.77,5.35,1.60,1.60,0.10
45.45,13.43,0.92,2.06,1.89,3.30,5.35,1.60,1.60,0.60
26.10,13.95,0.80,1.90,1.68,3.15,5.35,1.60,1.60,1.10
19.48,14.70,0.66,1.82,1.54,3.06,5.35,1.60,1.60,1.60
88.90,24.35,1.33,6.06,2.50,11.03,5.35,2.10,0.10,0.10
20.90,30.36,0.84,5.60,1.78,10.57,5.35,2.10,0.10,0.60
14.23,34.88,0.68,5.48,1.54,10.45,5.35,2.10,0.10,1.10
11.57,38.68,0.58,5.43,1.41,10.39,5.35,2.10,0.10,1.60
126.83,12.33,1.42,3.26,2.51,5.27,5.35,2.10,0.60,0.10
23.16,13.00,0.84,2.70,1.84,4.74,5.35,2.10,0.60,0.60
15.05,14.57,0.67,2.57,1.59,4.60,5.35,2.10,0.60,1.10
12.00,16.00,0.60,2.51,1.43,4.53,5.35,2.10,0.60,1.60
179.10,11.23,1.40,2.78,2.48,4.28,5.35,2.10,1.10,0.10
25.74,10.12,0.88,2.23,1.89,3.72,5.35,2.10,1.10,0.60
15.96,11.03,0.69,2.06,1.63,3.57,5.35,2.10,1.10,1.10
12.46,11.99,0.59,1.99,1.48,3.49,5.35,2.10,1.10,1.60
239.24,11.21,1.41,2.56,2.42,3.80,5.35,2.10,1.60,0.10
28.64,8.89,0.92,2.01,1.95,3.26,5.35,2.10,1.60,0.60
17.02,9.40,0.71,1.85,1.68,3.09,5.35,2.10,1.60,1.10
13.01,10.09,0.61,1.75,1.52,3.00,5.35,2.10,1.60,1.60
49.87,15.33,1.33,5.99,2.62,10.95,5.35,2.60,0.10,0.10
13.39,20.84,0.80,5.51,1.78,10.48,5.35,2.60,0.10,0.60
9.78,24.89,0.62,5.41,1.52,10.37,5.35,2.60,0.10,1.10
8.26,28.27,0.53,5.35,1.38,10.32,5.35,2.60,0.10,1.60
80.43,8.33,1.40,3.24,2.67,5.27,5.35,2.60,0.60,0.10
14.93,8.93,0.82,2.64,1.86,4.66,5.35,2.60,0.60,0.60
10.30,10.37,0.61,2.50,1.58,4.53,5.35,2.60,0.60,1.10
8.54,11.66,0.55,2.44,1.42,4.46,5.35,2.60,0.60,1.60
125.83,8.19,1.50,2.82,2.60,4.32,5.35,2.60,1.10,0.10
16.78,6.97,0.85,2.16,1.95,3.67,5.35,2.60,1.10,0.60
10.90,7.83,0.68,2.01,1.64,3.50,5.35,2.60,1.10,1.10
8.84,8.72,0.58,1.93,1.46,3.42,5.35,2.60,1.10,1.60
184.97,8.72,1.47,2.61,2.49,3.85,5.35,2.60,1.60,0.10
19.05,6.18,0.91,1.97,2.03,3.22,5.35,2.60,1.60,0.60
11.64,6.67,0.68,1.78,1.72,3.03,5.35,2.60,1.60,1.10
9.22,7.32,0.57,1.70,1.52,2.94,5.35,2.60,1.60,1.60
28.07,9.79,1.34,5.87,2.77,10.83,5.35,3.10,0.10,0.10
9.09,14.86,0.71,5.41,1.78,10.38,5.35,3.10,0.10,0.60
7.07,18.50,0.55,5.33,1.50,10.29,5.35,3.10,0.10,1.10
6.21,21.52,0.47,5.28,1.34,10.25,5.35,3.10,0.10,1.60
52.36,5.81,1.48,3.26,2.86,5.29,5.35,3.10,0.60,0.10
10.05,6.34,0.75,2.56,1.90,4.58,5.35,3.10,0.60,0.60
7.39,7.67,0.59,2.42,1.58,4.45,5.35,3.10,0.60,1.10
6.39,8.85,0.49,2.34,1.40,4.39,5.35,3.10,0.60,1.60
96.42,6.37,1.56,2.89,2.72,4.39,5.35,3.10,1.10,0.10
11.28,4.95,0.84,2.11,2.03,3.60,5.35,3.10,1.10,0.60
7.81,5.77,0.61,1.93,1.66,3.43,5.35,3.10,1.10,1.10
6.58,6.59,0.52,1.86,1.45,3.36,5.35,3.10,1.10,1.60
155.51,7.29,1.56,2.69,2.56,3.92,5.35,3.10,1.60,0.10
13.02,4.40,0.86,1.94,2.18,3.18,5.35,3.10,1.60,0.60
8.29,4.89,0.63,1.71,1.78,2.96,5.35,3.10,1.60,1.10
6.82,5.51,0.51,1.62,1.54,2.87,5.35,3.10,1.60,1.60
15.86,6.29,1.30,5.67,2.95,10.64,5.35,3.60,0.10,0.10
6.40,10.91,0.65,5.28,1.79,10.26,5.35,3.60,0.10,0.60
5.34,14.17,0.47,5.23,1.48,10.20,5.35,3.60,0.10,1.10
4.87,16.88,0.42,5.21,1.31,10.17,5.35,3.60,0.10,1.60
35.28,4.17,1.61,3.31,3.14,5.34,5.35,3.60,0.60,0.10
6.99,4.62,0.69,2.45,1.96,4.47,5.35,3.60,0.60,0.60
5.54,5.85,0.50,2.35,1.57,4.36,5.35,3.60,0.60,1.10
4.97,6.92,0.44,2.29,1.38,4.32,5.35,3.60,0.60,1.60
79.99,5.30,1.67,3.01,2.85,4.50,5.35,3.60,1.10,0.10
7.80,3.59,0.80,2.02,2.18,3.52,5.35,3.60,1.10,0.60
5.78,4.38,0.52,1.85,1.69,3.35,5.35,3.60,1.10,1.10
5.08,5.13,0.47,1.79,1.45,3.29,5.35,3.60,1.10,1.60
143.00,6.54,1.63,2.77,2.60,4.01,5.35,3.60,1.60,0.10
6.08,3.68,0.61,1.64,1.85,2.89,5.35,3.60,1.60,1.10
5.23,4.27,0.44,1.56,1.53,2.81,5.35,3.60,1.60,1.60
8.91,4.05,1.30,5.35,3.17,10.34,5.35,4.10,0.10,0.10
4.72,8.21,0.57,5.16,1.78,10.12,5.35,4.10,0.10,0.60
4.22,11.12,0.40,5.14,1.46,10.10,5.35,4.10,0.10,1.10
3.97,13.56,0.37,5.14,1.30,10.09,5.35,4.10,0.10,1.60
25.34,3.14,1.80,3.45,3.50,5.47,5.35,4.10,0.60,0.10
5.05,3.45,0.61,2.31,2.00,4.35,5.35,4.10,0.60,0.60
4.33,4.57,0.44,2.25,1.56,4.27,5.35,4.10,0.60,1.10
4.03,5.54,0.32,2.21,1.36,4.24,5.35,4.10,0.60,1.60
74.28,4.83,1.82,3.15,2.95,4.64,5.35,4.10,1.10,0.10
4.46,3.40,0.46,1.77,1.72,3.26,5.35,4.10,1.10,1.10
4.11,4.10,0.35,1.71,1.44,3.21,5.35,4.10,1.10,1.60
143.11,6.32,1.68,2.86,2.63,4.11,5.35,4.10,1.60,0.10
4.63,2.84,0.48,1.58,1.98,2.81,5.35,4.10,1.60,1.10
4.19,3.39,0.38,1.50,1.57,2.73,5.35,4.10,1.60,1.60
5.21,2.65,1.11,4.94,3.38,9.87,5.35,4.60,0.10,0.10
3.70,6.33,0.40,4.99,1.75,9.96,5.35,4.60,0.10,0.60
3.50,8.93,0.31,5.02,1.42,10.00,5.35,4.60,0.10,1.10
3.41,11.12,0.24,5.05,1.26,10.01,5.35,4.60,0.10,1.60
21.11,2.65,2.10,3.71,3.86,5.74,5.35,4.60,0.60,0.10
3.82,2.64,0.45,2.16,2.07,4.20,5.35,4.60,0.60,0.60
3.54,3.66,0.36,2.15,1.55,4.16,5.35,4.60,0.60,1.10
3.44,4.54,0.26,2.13,1.33,4.16,5.35,4.60,0.60,1.60
79.28,4.89,1.97,3.31,2.99,4.81,5.35,4.60,1.10,0.10
3.59,2.70,0.32,1.67,1.75,3.16,5.35,4.60,1.10,1.10
3.46,3.34,0.29,1.63,1.43,3.13,5.35,4.60,1.10,1.60
157.11,6.50,1.77,2.96,2.63,4.20,5.35,4.60,1.60,0.10
3.50,2.76,0.32,1.41,1.58,2.65,5.35,4.60,1.60,1.60
8078.27,1371.96,1.56,6.46,2.42,11.43,5.85,0.10,0.10,0.10
1361.24,1382.77,1.24,6.15,2.05,11.12,5.85,0.10,0.10,0.60
751.68,1392.65,1.16,6.04,1.92,11.01,5.85,0.10,0.10,1.10
521.50,1401.63,1.10,5.98,1.84,10.95,5.85,0.10,0.10,1.60
8336.50,569.37,1.59,3.52,2.44,5.55,5.85,0.10,0.60,0.10
1397.17,570.52,1.27,3.22,2.07,5.24,5.85,0.10,0.60,0.60
768.27,573.54,1.17,3.11,1.94,5.14,5.85,0.10,0.60,1.10
532.85,576.57,1.10,3.04,1.86,5.07,5.85,0.10,0.60,1.60
8622.35,426.36,1.58,2.99,2.46,4.50,5.85,0.10,1.10,0.10
1433.63,425.57,1.26,2.70,2.09,4.19,5.85,0.10,1.10,0.60
786.40,427.09,1.15,2.60,1.96,4.08,5.85,0.10,1.10,1.10
543.87,428.92,1.10,2.53,1.88,4.02,5.85,0.10,1.10,1.60
8811.20,358.27,1.60,2.75,2.48,3.99,5.85,0.10,1.60,0.10
1467.73,356.28,1.26,2.44,2.11,3.68,5.85,0.10,1.60,0.60
797.86,356.89,1.18,2.33,1.98,3.58,5.85,0.10,1.60,1.10
554.32,358.11,1.11,2.28,1.90,3.51,5.85,0.10,1.60,1.60
1056.64,194.49,1.34,6.20,2.18,11.16,5.85,0.60,0.10,0.10
187.72,202.48,0.99,5.86,1.76,10.83,5.85,0.60,0.10,0.60
107.82,209.30,0.86,5.75,1.61,10.72,5.85,0.60,0.10,1.10
77.48,215.32,0.79,5.68,1.52,10.65,5.85,0.60,0.10,1.60
1161.52,83.81,1.32,3.28,2.19,5.30,5.85,0.60,0.60,0.10
197.52,84.75,0.99,2.94,1.78,4.96,5.85,0.60,0.60,0.60
111.99,86.93,0.87,2.82,1.63,4.85,5.85,0.60,0.60,1.10
79.86,89.06,0.79,2.75,1.54,4.78,5.85,0.60,0.60,1.60
1269.24,65.08,1.35,2.75,2.19,4.25,5.85,0.60,1.10,0.10
207.27,64.14,1.00,2.40,1.79,3.91,5.85,0.60,1.10,0.60
116.19,65.29,0.89,2.30,1.64,3.79,5.85,0.60,1.10,1.10
82.32,66.63,0.80,2.23,1.55,3.73,5.85,0.60,1.10,1.60
1375.81,56.46,1.34,2.50,2.21,3.75,5.85,0.60,1.60,0.10
216.64,54.45,1.02,2.15,1.81,3.41,5.85,0.60,1.60,0.60
120.53,55.05,0.88,2.05,1.67,3.29,5.85,0.60,1.60,1.10
84.89,55.96,0.81,1.99,1.57,3.22,5.85,0.60,1.60,1.60
442.06,88.89,1.30,6.12,2.18,11.09,5.85,1.10,0.10,0.10
83.17,95.94,0.91,5.75,1.70,10.72,5.85,1.10,0.10,0.60
49.70,101.73,0.76,5.64,1.54,10.61,5.85,1.10,0.10,1.10
36.87,106.74,0.71,5.58,1.43,10.54,5.85,1.10,0.10,1.60
519.23,39.76,1.29,3.22,2.18,5.24,5.85,1.10,0.60,0.10
89.07,40.55,0.90,2.84,1.72,4.86,5.85,1.10,0.60,0.60
52.08,42.43,0.77,2.71,1.55,4.74,5.85,1.10,0.60,1.10
38.23,44.24,0.72,2.64,1.45,4.67,5.85,1.10,0.60,1.60
597.32,31.95,1.30,2.71,2.18,4.20,5.85,1.10,1.10,0.10
95.37,31.00,0.92,2.31,1.75,3.82,5.85,1.10,1.10,0.60
54.62,32.03,0.79,2.19,1.57,3.70,5.85,1.10,1.10,1.10
39.64,33.18,0.72,2.14,1.47,3.62,5.85,1.10,1.10,1.60
678.92,28.60,1.30,2.46,2.17,3.70,5.85,1.10,1.60,0.10
101.81,26.60,0.92,2.08,1.76,3.32,5.85,1.10,1.60,0.60
57.22,27.15,0.81,1.96,1.60,3.20,5.85,1.10,1.60,1.10
41.09,27.95,0.73,1.88,1.49,3.12,5.85,1.10,1.60,1.60
229.44,50.48,1.24,6.08,2.22,11.04,5.85,1.60,0.10,0.10
46.18,56.92,0.85,5.68,1.68,10.65,5.85,1.60,0.10,0.60
28.81,62.01,0.72,5.57,1.50,10.53,5.85,1.60,0.10,1.10
21.83,66.35,0.67,5.50,1.38,10.47,5.85,1.60,0.10,1.60
286.22,23.51,1.30,3.17,2.22,5.21,5.85,1.60,0.60,0.10
50.11,24.22,0.86,2.76,1.72,4.80,5.85,1.60,0.60,0.60
30.37,25.92,0.73,2.64,1.52,4.67,5.85,1.60,0.60,1.10
22.75,27.51,0.62,2.56,1.40,4.60,5.85,1.60,0.60,1.60
351.50,19.64,1.30,2.68,2.21,4.18,5.85,1.60,1.10,0.10
54.22,18.67,0.90,2.27,1.74,3.76,5.85,1.60,1.10,0.60
32.02,19.62,0.74,2.12,1.55,3.63,5.85,1.60,1.10,1.10
23.61,20.65,0.63,2.07,1.43,3.55,5.85,1.60,1.10,1.60
421.38,18.22,1.31,2.46,2.20,3.69,5.85,1.60,1.60,0.10
59.16,16.19,0.90,2.03,1.76,3.27,5.85,1.60,1.60,0.60
33.60,16.68,0.77,1.90,1.58,3.13,5.85,1.60,1.60,1.10
24.55,17.42,0.64,1.82,1.45,3.06,5.85,1.60,1.60,1.60
127.03,31.21,1.22,6.03,2.31,11.00,5.85,2.10,0.10,0.10
28.18,37.20,0.81,5.61,1.69,10.58,5.85,2.10,0.10,0.60
18.51,41.81,0.66,5.50,1.48,10.46,5.85,2.10,0.10,1.10
14.67,45.71,0.59,5.43,1.35,10.40,5.85,2.10,0.10,1.60
174.12,15.26,1.30,3.18,2.31,5.20,5.85,2.10,0.60,0.10
30.83,15.91,0.85,2.71,1.73,4.74,5.85,2.10,0.60,0.60
19.55,17.49,0.68,2.59,1.51,4.61,5.85,2.10,0.60,1.10
15.22,18.94,0.61,2.52,1.38,4.54,5.85,2.10,0.60,1.60
229.54,13.38,1.30,2.69,2.28,4.19,5.85,2.10,1.10,0.10
34.04,12.36,0.82,2.22,1.76,3.71,5.85,2.10,1.10,0.60
20.72,13.25,0.70,2.08,1.54,3.57,5.85,2.10,1.10,1.10
15.83,14.21,0.59,1.98,1.41,3.50,5.85,2.10,1.10,1.60
293.30,12.96,1.31,2.47,2.25,3.71,5.85,2.10,1.60,0.10
37.59,10.80,0.89,1.99,1.80,3.23,5.85,2.10,1.60,0.60
21.95,11.30,0.73,1.84,1.58,3.08,5.85,2.10,1.60,1.10
16.52,11.99,0.61,1.76,1.44,3.00,5.85,2.10,1.60,1.60
74.32,20.12,1.25,5.97,2.41,10.94,5.85,2.60,0.10,0.10
18.25,25.71,0.75,5.54,1.69,10.50,5.85,2.60,0.10,0.60
12.61,29.86,0.60,5.43,1.46,10.40,5.85,2.60,0.10,1.10
10.37,33.35,0.55,5.37,1.33,10.34,5.85,2.60,0.10,1.60
110.25,10.39,1.32,3.18,2.43,5.20,5.85,2.60,0.60,0.10
20.18,11.02,0.80,2.64,1.75,4.67,5.85,2.60,0.60,0.60
13.35,12.47,0.64,2.52,1.50,4.54,5.85,2.60,0.60,1.10
10.75,13.79,0.56,2.45,1.36,4.48,5.85,2.60,0.60,1.60
160.35,9.70,1.35,2.72,2.39,4.22,5.85,2.60,1.10,0.10
22.44,8.59,0.84,2.17,1.81,3.66,5.85,2.60,1.10,0.60
14.14,9.45,0.64,2.01,1.56,3.51,5.85,2.60,1.10,1.10
11.15,10.33,0.59,1.93,1.40,3.44,5.85,2.60,1.10,1.60
220.76,9.90,1.35,2.51,2.31,3.75,5.85,2.60,1.60,0.10
25.07,7.57,0.88,1.96,1.86,3.20,5.85,2.60,1.60,0.60
15.03,8.05,0.70,1.79,1.60,3.03,5.85,2.60,1.60,1.10
11.65,8.70,0.57,1.70,1.44,2.95,5.85,2.60,1.60,1.60
43.47,13.19,1.26,5.90,2.54,10.86,5.85,3.10,0.10,0.10
12.21,18.36,0.70,5.45,1.70,10.42,5.85,3.10,0.10,0.60
9.00,22.15,0.55,5.36,1.45,10.32,5.85,3.10,0.10,1.10
7.67,25.30,0.51,5.30,1.30,10.27,5.85,3.10,0.10,1.60
72.45,7.31,1.39,3.18,2.57,5.21,5.85,3.10,0.60,0.10
13.52,7.87,0.73,2.57,1.79,4.60,5.85,3.10,0.60,0.60
9.50,9.23,0.59,2.47,1.51,4.48,5.85,3.10,0.60,1.10
7.93,10.44,0.49,2.40,1.36,4.42,5.85,3.10,0.60,1.60
117.65,7.38,1.39,2.77,2.50,4.27,5.85,3.10,1.10,0.10
15.23,6.16,0.80,2.11,1.87,3.61,5.85,3.10,1.10,0.60
9.99,6.97,0.65,1.96,1.57,3.45,5.85,3.10,1.10,1.10
8.23,7.80,0.52,1.87,1.40,3.38,5.85,3.10,1.10,1.60
176.78,8.02,1.45,2.56,2.38,3.80,5.85,3.10,1.60,0.10
17.36,5.47,0.82,1.92,1.96,3.16,5.85,3.10,1.60,0.60
10.67,5.94,0.67,1.74,1.64,2.98,5.85,3.10,1.60,1.10
8.55,6.55,0.55,1.65,1.45,2.89,5.85,3.10,1.60,1.60
25.28,8.69,1.30,5.79,2.69,10.74,5.85,3.60,0.10,0.10
8.52,13.48,0.67,5.36,1.71,10.32,5.85,3.60,0.10,0.60
6.69,16.91,0.53,5.28,1.44,10.25,5.85,3.60,0.10,1.10
5.91,19.76,0.46,5.25,1.29,10.21,5.85,3.60,0.10,1.60
48.63,5.26,1.46,3.21,2.77,5.23,5.85,3.60,0.60,0.10
9.39,5.76,0.71,2.51,1.83,4.52,5.85,3.60,0.60,0.60
6.98,7.02,0.57,2.39,1.52,4.40,5.85,3.60,0.60,1.10
6.08,8.13,0.44,2.33,1.34,4.35,5.85,3.60,0.60,1.60
92.86,5.92,1.52,2.85,2.62,4.34,5.85,3.60,1.10,0.10
10.52,4.50,0.80,2.04,1.96,3.55,5.85,3.60,1.10,0.60
7.37,5.28,0.58,1.89,1.59,3.39,5.85,3.60,1.10,1.10
6.28,6.06,0.46,1.83,1.39,3.32,5.85,3.60,1.10,1.60
153.51,6.92,1.53,2.63,2.45,3.87,5.85,3.60,1.60,0.10
12.16,4.01,0.85,1.89,2.10,3.13,5.85,3.60,1.60,0.60
7.83,4.48,0.60,1.67,1.69,2.92,5.85,3.60,1.60,1.10
6.49,5.07,0.49,1.59,1.46,2.83,5.85,3.60,1.60,1.60
14.74,5.73,1.26,5.60,2.87,10.55,5.85,4.10,0.10,0.10
6.12,10.12,0.63,5.24,1.72,10.21,5.85,4.10,0.10,0.60
5.16,13.22,0.46,5.19,1.42,10.16,5.85,4.10,0.10,1.10
4.72,15.80,0.35,5.17,1.27,10.14,5.85,4.10,0.10,1.60
33.61,3.88,1.59,3.26,3.04,5.28,5.85,4.10,0.60,0.10
6.68,4.30,0.68,2.39,1.87,4.42,5.85,4.10,0.60,0.60
5.35,5.46,0.49,2.28,1.50,4.32,5.85,4.10,0.60,1.10
4.82,6.48,0.37,2.26,1.33,4.28,5.85,4.10,0.60,1.60
79.61,5.07,1.62,2.96,2.76,4.45,5.85,4.10,1.10,0.10
7.45,3.34,0.70,1.97,2.10,3.47,5.85,4.10,1.10,0.60
5.58,4.09,0.50,1.80,1.62,3.31,5.85,4.10,1.10,1.10
4.95,4.81,0.40,1.76,1.40,3.25,5.85,4.10,1.10,1.60
145.89,6.36,1.58,2.72,2.50,3.96,5.85,4.10,1.60,0.10
5.86,3.45,0.53,1.61,1.76,2.85,5.85,4.10,1.60,1.10
5.08,4.01,0.43,1.53,1.48,2.77,5.85,4.10,1.60,1.60
8.49,3.78,1.25,5.31,3.05,10.24,5.85,4.60,0.10,0.10
4.63,7.75,0.52,5.10,1.72,10.07,5.85,4.60,0.10,0.60
4.14,10.54,0.40,5.11,1.41,10.07,5.85,4.60,0.10,1.10
3.92,12.87,0.30,5.10,1.25,10.07,5.85,4.60,0.10,1.60
24.76,2.99,1.69,3.39,3.39,5.41,5.85,4.60,0.60,0.10
4.91,3.27,0.60,2.27,1.93,4.30,5.85,4.60,0.60,0.60
4.24,4.34,0.43,2.19,1.51,4.23,5.85,4.60,0.60,1.10
3.98,5.27,0.32,2.18,1.31,4.21,5.85,4.60,0.60,1.60
76.03,4.73,1.74,3.10,2.84,4.59,5.85,4.60,1.10,0.10
5.36,2.51,0.71,1.87,2.31,3.38,5.85,4.60,1.10,0.60
4.37,3.23,0.45,1.73,1.66,3.22,5.85,4.60,1.10,1.10
4.05,3.90,0.35,1.68,1.39,3.18,5.85,4.60,1.10,1.60
149.57,6.25,1.66,2.81,2.52,4.06,5.85,4.60,1.60,0.10
4.54,2.70,0.47,1.52,1.90,2.78,5.85,4.60,1.60,1.10
4.12,3.23,0.38,1.47,1.49,2.70,5.85,4.60,1.60,1.60
10325.98,1618.99,1.50,6.38,2.27,11.35,6.35,0.10,0.10,0.10
1742.61,1629.69,1.19,6.09,1.93,11.06,6.35,0.10,0.10,0.60
960.26,1639.31,1.10,5.99,1.81,10.96,6.35,0.10,0.10,1.10
665.77,1648.14,1.04,5.94,1.74,10.90,6.35,0.10,0.10,1.60
10651.67,669.79,1.49,3.44,2.29,5.47,6.35,0.10,0.60,0.10
1783.64,671.49,1.20,3.16,1.95,5.19,6.35,0.10,0.60,0.60
978.70,674.41,1.11,3.06,1.83,5.09,6.35,0.10,0.60,1.10
678.01,677.40,1.04,3.00,1.76,5.03,6.35,0.10,0.60,1.60
10934.12,501.16,1.50,2.92,2.30,4.42,6.35,0.10,1.10,0.10
1817.90,500.26,1.19,2.63,1.96,4.13,6.35,0.10,1.10,0.60
997.32,501.75,1.10,2.54,1.85,4.03,6.35,0.10,1.10,1.10
690.24,503.56,1.04,2.48,1.77,3.97,6.35,0.10,1.10,1.60
11211.54,420.30,1.50,2.66,2.32,3.91,6.35,0.10,1.60,0.10
1852.56,418.19,1.22,2.38,1.98,3.62,6.35,0.10,1.60,0.60
1015.90,418.92,1.10,2.28,1.86,3.53,6.35,0.10,1.60,1.10
702.29,420.12,1.05,2.22,1.79,3.47,6.35,0.10,1.60,1.60
1370.37,232.13,1.28,6.14,2.05,11.10,6.35,0.60,0.10,0.10
241.18,239.95,0.96,5.83,1.66,10.80,6.35,0.60,0.10,0.60
137.74,246.66,0.83,5.73,1.53,10.69,6.35,0.60,0.10,1.10
98.06,252.64,0.76,5.66,1.45,10.63,6.35,0.60,0.10,1.60
1497.31,99.28,1.26,3.21,2.05,5.24,6.35,0.60,0.60,0.10
253.01,100.17,0.95,2.90,1.68,4.93,6.35,0.60,0.60,0.60
142.51,102.29,0.84,2.79,1.54,4.82,6.35,0.60,0.60,1.10
100.78,104.40,0.76,2.72,1.46,4.76,6.35,0.60,0.60,1.60
1612.98,76.53,1.26,2.69,2.06,4.18,6.35,0.60,1.10,0.10
263.99,75.60,0.96,2.38,1.69,3.87,6.35,0.60,1.10,0.60
147.25,76.73,0.86,2.28,1.56,3.77,6.35,0.60,1.10,1.10
103.61,78.05,0.77,2.21,1.47,3.71,6.35,0.60,1.10,1.60
1725.99,65.97,1.26,2.44,2.06,3.68,6.35,0.60,1.60,0.10
274.02,63.99,0.97,2.12,1.70,3.37,6.35,0.60,1.60,0.60
152.21,64.60,0.85,2.03,1.58,3.26,6.35,0.60,1.60,1.10
106.60,65.49,0.77,1.95,1.49,3.20,6.35,0.60,1.60,1.60
590.64,107.61,1.21,6.07,2.04,11.04,6.35,1.10,0.10,0.10
107.33,114.41,0.84,5.73,1.61,10.70,6.35,1.10,0.10,0.60
63.65,120.19,0.77,5.63,1.46,10.60,6.35,1.10,0.10,1.10
46.61,125.23,0.70,5.57,1.36,10.53,6.35,1.10,0.10,1.60
674.14,47.46,1.22,3.15,2.04,5.18,6.35,1.10,0.60,0.10
114.90,48.21,0.89,2.81,1.63,4.84,6.35,1.10,0.60,0.60
66.41,50.07,0.77,2.70,1.48,4.73,6.35,1.10,0.60,1.10
48.17,51.88,0.71,2.64,1.39,4.66,6.35,1.10,0.60,1.60
760.12,37.66,1.23,2.63,2.04,4.13,6.35,1.10,1.10,0.10
121.94,36.73,0.90,2.31,1.64,3.79,6.35,1.10,1.10,0.60
69.30,37.74,0.78,2.19,1.50,3.68,6.35,1.10,1.10,1.10
49.79,38.89,0.72,2.11,1.40,3.61,6.35,1.10,1.10,1.60
844.18,33.34,1.20,2.39,2.04,3.63,6.35,1.10,1.60,0.10
129.28,31.42,0.90,2.06,1.65,3.29,6.35,1.10,1.60,0.60
72.17,31.94,0.76,1.95,1.51,3.18,6.35,1.10,1.60,1.10
51.43,32.73,0.69,1.86,1.41,3.11,6.35,1.10,1.60,1.60
312.05,62.02,1.21,6.03,2.08,11.00,6.35,1.60,0.10,0.10
60.57,68.40,0.81,5.67,1.60,10.64,6.35,1.60,0.10,0.60
36.92,73.51,0.72,5.56,1.43,10.53,6.35,1.60,0.10,1.10
27.83,77.90,0.65,5.50,1.33,10.47,6.35,1.60,0.10,1.60
375.99,28.28,1.20,3.13,2.08,5.15,6.35,1.60,0.60,0.10
65.18,29.02,0.82,2.75,1.62,4.78,6.35,1.60,0.60,0.60
38.78,30.71,0.73,2.63,1.45,4.67,6.35,1.60,0.60,1.10
28.90,32.31,0.65,2.56,1.34,4.60,6.35,1.60,0.60,1.60
444.28,23.20,1.24,2.62,2.07,4.12,6.35,1.60,1.10,0.10
70.36,22.29,0.84,2.25,1.64,3.74,6.35,1.60,1.10,0.60
40.80,23.22,0.71,2.13,1.47,3.62,6.35,1.60,1.10,1.10
30.01,24.25,0.65,2.06,1.37,3.55,6.35,1.60,1.10,1.60
523.68,21.18,1.22,2.37,2.06,3.62,6.35,1.60,1.60,0.10
75.53,19.23,0.87,1.99,1.65,3.24,6.35,1.60,1.60,0.60
42.93,19.73,0.74,1.87,1.49,3.12,6.35,1.60,1.60,1.10
31.17,20.45,0.66,1.80,1.38,3.05,6.35,1.60,1.60,1.60
179.28,39.08,1.18,6.00,2.14,10.96,6.35,2.10,0.10,0.10
36.88,44.99,0.82,5.61,1.60,10.58,6.35,2.10,0.10,0.60
23.74,49.64,0.66,5.50,1.41,10.47,6.35,2.10,0.10,1.10
18.42,53.60,0.60,5.44,1.30,10.41,6.35,2.10,0.10,1.60
231.35,18.56,1.21,3.11,2.14,5.14,6.35,2.10,0.60,0.10
40.53,19.19,0.80,2.70,1.63,4.73,6.35,2.10,0.60,0.60
25.03,20.76,0.68,2.58,1.44,4.61,6.35,2.10,0.60,1.10
19.08,22.23,0.62,2.51,1.32,4.54,6.35,2.10,0.60,1.60
291.95,15.82,1.22,2.62,2.12,4.12,6.35,2.10,1.10,0.10
44.33,14.85,0.84,2.19,1.65,3.70,6.35,2.10,1.10,0.60
26.39,15.72,0.68,2.05,1.46,3.57,6.35,2.10,1.10,1.10
19.83,16.69,0.63,2.02,1.34,3.50,6.35,2.10,1.10,1.60
359.30,14.95,1.25,2.39,2.10,3.63,6.35,2.10,1.60,0.10
48.58,12.93,0.82,1.96,1.68,3.21,6.35,2.10,1.60,0.60
27.87,13.40,0.72,1.82,1.49,3.07,6.35,2.10,1.60,1.10
20.65,14.09,0.59,1.76,1.37,3.00,6.35,2.10,1.60,1.60
106.75,25.67,1.20,5.95,2.23,10.92,6.35,2.60,0.10,0.10
24.22,31.26,0.74,5.55,1.61,10.52,6.35,2.60,0.10,0.60
16.20,35.52,0.63,5.45,1.40,10.41,6.35,2.60,0.10,1.10
12.99,39.10,0.54,5.39,1.28,10.35,6.35,2.60,0.10,1.60
148.25,12.78,1.27,3.10,2.23,5.14,6.35,2.60,0.60,0.10
26.61,13.40,0.80,2.64,1.65,4.68,6.35,2.60,0.60,0.60
17.12,14.86,0.64,2.53,1.44,4.56,6.35,2.60,0.60,1.10
13.48,16.20,0.56,2.46,1.31,4.49,6.35,2.60,0.60,1.60
202.31,11.44,1.25,2.63,2.20,4.14,6.35,2.60,1.10,0.10
29.48,10.43,0.78,2.17,1.69,3.65,6.35,2.60,1.10,0.60
18.14,11.27,0.66,2.01,1.47,3.52,6.35,2.60,1.10,1.10
14.00,12.16,0.55,1.93,1.34,3.45,6.35,2.60,1.10,1.60
265.80,11.29,1.26,2.42,2.16,3.66,6.35,2.60,1.60,0.10
32.58,9.14,0.80,1.93,1.72,3.18,6.35,2.60,1.60,0.60
19.24,9.61,0.68,1.79,1.51,3.03,6.35,2.60,1.60,1.10
14.62,10.26,0.57,1.71,1.38,2.95,6.35,2.60,1.60,1.60
64.40,17.22,1.20,5.90,2.34,10.87,6.35,3.10,0.10,0.10
16.36,22.48,0.72,5.49,1.62,10.45,6.35,3.10,0.10,0.60
11.49,26.35,0.57,5.38,1.40,10.35,6.35,3.10,0.10,1.10
9.53,29.61,0.51,5.33,1.26,10.30,6.35,3.10,0.10,1.60
98.00,9.07,1.31,3.10,2.36,5.14,6.35,3.10,0.60,0.10
18.08,9.64,0.76,2.61,1.68,4.62,6.35,3.10,0.60,0.60
12.13,11.01,0.61,2.47,1.45,4.50,6.35,3.10,0.60,1.10
9.85,12.25,0.53,2.42,1.31,4.44,6.35,3.10,0.60,1.60
146.76,8.63,1.34,2.68,2.30,4.17,6.35,3.10,1.10,0.10
20.02,7.53,0.82,2.11,1.75,3.61,6.35,3.10,1.10,0.60
12.84,8.34,0.63,1.97,1.49,3.47,6.35,3.10,1.10,1.10
10.25,9.18,0.52,1.89,1.34,3.40,6.35,3.10,1.10,1.60
208.54,8.98,1.33,2.46,2.22,3.70,6.35,3.10,1.60,0.10
22.74,6.66,0.82,1.90,1.79,3.15,6.35,3.10,1.60,0.60
13.67,7.11,0.65,1.74,1.53,2.99,6.35,3.10,1.60,1.10
10.68,7.73,0.55,1.66,1.38,2.91,6.35,3.10,1.60,1.60
38.58,11.63,1.19,5.82,2.47,10.79,6.35,3.60,0.10,0.10
11.29,16.54,0.71,5.40,1.64,10.37,6.35,3.60,0.10,0.60
8.45,20.09,0.53,5.31,1.39,10.28,6.35,3.60,0.10,1.10
7.25,23.06,0.45,5.27,1.25,10.24,6.35,3.60,0.10,1.60
66.39,6.57,1.31,3.13,2.50,5.15,6.35,3.60,0.60,0.10
12.54,7.10,0.70,2.52,1.72,4.55,6.35,3.60,0.60,0.60
8.86,8.37,0.58,2.42,1.45,4.44,6.35,3.60,0.60,1.10
7.49,9.52,0.47,2.36,1.29,4.38,6.35,3.60,0.60,1.60
112.16,6.78,1.38,2.73,2.41,4.22,6.35,3.60,1.10,0.10
14.04,5.55,0.78,2.06,1.81,3.56,6.35,3.60,1.10,0.60
9.37,6.33,0.60,1.92,1.50,3.41,6.35,3.60,1.10,1.10
7.75,7.11,0.50,1.83,1.34,3.34,6.35,3.60,1.10,1.60
172.47,7.51,1.36,2.51,2.29,3.76,6.35,3.60,1.60,0.10
16.07,4.94,0.82,1.87,1.89,3.12,6.35,3.60,1.60,0.60
9.98,5.39,0.62,1.70,1.58,2.94,6.35,3.60,1.60,1.10
8.03,5.98,0.49,1.62,1.38,2.85,6.35,3.60,1.60,1.60
23.27,7.85,1.21,5.70,2.62,10.66,6.35,4.10,0.10,0.10
8.07,12.41,0.64,5.30,1.65,10.27,6.35,4.10,0.10,0.60
6.38,15.66,0.46,5.25,1.39,10.21,6.35,4.10,0.10,1.10
5.70,18.37,0.41,5.21,1.24,10.18,6.35,4.10,0.10,1.60
45.46,4.84,1.45,3.14,2.71,5.17,6.35,4.10,0.60,0.10
8.88,5.31,0.68,2.44,1.77,4.47,6.35,4.10,0.60,0.60
6.66,6.51,0.48,2.32,1.45,4.37,6.35,4.10,0.60,1.10
5.86,7.56,0.43,2.30,1.28,4.32,6.35,4.10,0.60,1.60
90.40,5.58,1.49,2.81,2.54,4.30,6.35,4.10,1.10,0.10
9.93,4.15,0.70,2.00,1.90,3.50,6.35,4.10,1.10,0.60
7.02,4.90,0.56,1.84,1.53,3.35,6.35,4.10,1.10,1.10
6.03,5.64,0.46,1.79,1.33,3.28,6.35,4.10,1.10,1.60
153.19,6.63,1.49,2.59,2.37,3.83,6.35,4.10,1.60,0.10
11.51,3.71,0.81,1.83,2.04,3.08,6.35,4.10,1.60,0.60
7.45,4.16,0.59,1.63,1.63,2.88,6.35,4.10,1.60,1.10
6.23,4.72,0.47,1.56,1.41,2.80,6.35,4.10,1.60,1.60
13.82,5.28,1.21,5.50,2.78,10.46,6.35,4.60,0.10,0.10
5.92,9.48,0.53,5.19,1.65,10.16,6.35,4.60,0.10,0.60
5.01,12.44,0.46,5.16,1.38,10.13,6.35,4.60,0.10,1.10
4.62,14.90,0.35,5.15,1.23,10.11,6.35,4.60,0.10,1.60
32.26,3.64,1.56,3.20,2.96,5.23,6.35,4.60,0.60,0.10
6.41,4.03,0.66,2.35,1.81,4.37,6.35,4.60,0.60,0.60
5.19,5.15,0.48,2.28,1.45,4.29,6.35,4.60,0.60,1.10
4.72,6.12,0.37,2.25,1.27,4.26,6.35,4.60,0.60,1.60
79.50,4.88,1.58,2.91,2.66,4.41,6.35,4.60,1.10,0.10
7.17,3.14,0.68,1.92,2.02,3.43,6.35,4.60,1.10,0.60
5.42,3.86,0.49,1.78,1.57,3.27,6.35,4.60,1.10,1.10
4.83,4.55,0.40,1.72,1.34,3.22,6.35,4.60,1.10,1.60
148.81,6.22,1.54,2.67,2.41,3.92,6.35,4.60,1.60,0.10
5.69,3.26,0.52,1.57,1.71,2.82,6.35,4.60,1.60,1.10
4.95,3.79,0.42,1.50,1.43,2.74,6.35,4.60,1.60,1.60
12915.70,1886.27,1.39,6.31,2.14,11.28,6.85,0.10,0.10,0.10
2190.97,1897.16,1.14,6.04,1.83,11.01,6.85,0.10,0.10,0.60
1202.86,1906.51,1.06,5.96,1.73,10.92,6.85,0.10,0.10,1.10
833.59,1915.24,0.99,5.90,1.65,10.87,6.85,0.10,0.10,1.60
13272.55,779.36,1.43,3.37,2.16,5.40,6.85,0.10,0.60,0.10
2231.81,780.80,1.15,3.11,1.84,5.14,6.85,0.10,0.60,0.60
1221.86,783.64,1.07,3.02,1.74,5.05,6.85,0.10,0.60,1.10
847.04,786.61,1.00,2.97,1.67,4.99,6.85,0.10,0.60,1.60
13682.75,582.05,1.42,2.85,2.17,4.34,6.85,0.10,1.10,0.10
2271.53,581.09,1.14,2.59,1.86,4.08,6.85,0.10,1.10,0.60
1245.45,582.56,1.05,2.49,1.75,3.99,6.85,0.10,1.10,1.10
860.53,584.35,1.00,2.44,1.68,3.93,6.85,0.10,1.10,1.60
13961.93,487.40,1.42,2.59,2.18,3.84,6.85,0.10,1.60,0.10
2296.06,485.08,1.13,2.34,1.87,3.57,6.85,0.10,1.60,0.60
1265.74,486.00,1.05,2.23,1.76,3.48,6.85,0.10,1.60,1.10
873.76,487.20,1.01,2.19,1.69,3.43,6.85,0.10,1.60,1.60
1761.23,273.35,1.20,6.08,1.93,11.05,6.85,0.60,0.10,0.10
305.42,280.85,0.92,5.80,1.58,10.77,6.85,0.60,0.10,0.60
172.64,287.44,0.83,5.71,1.46,10.67,6.85,0.60,0.10,1.10
122.65,293.36,0.74,5.65,1.38,10.61,6.85,0.60,0.10,1.60
1889.80,116.12,1.20,3.15,1.93,5.18,6.85,0.60,0.60,0.10
317.53,116.96,0.93,2.86,1.59,4.89,6.85,0.60,0.60,0.60
177.92,119.04,0.83,2.78,1.47,4.80,6.85,0.60,0.60,1.10
125.79,121.13,0.74,2.72,1.39,4.74,6.85,0.60,0.60,1.60
2011.62,88.98,1.19,2.63,1.94,4.13,6.85,0.60,1.10,0.10
329.32,88.07,0.93,2.34,1.60,3.84,6.85,0.60,1.10,0.60
183.23,89.17,0.80,2.25,1.48,3.74,6.85,0.60,1.10,1.10
129.03,90.47,0.75,2.19,1.40,3.69,6.85,0.60,1.10,1.60
2137.55,76.30,1.20,2.37,1.94,3.62,6.85,0.60,1.60,0.10
343.06,74.40,0.92,2.09,1.62,3.33,6.85,0.60,1.60,0.60
189.31,74.98,0.83,2.00,1.49,3.24,6.85,0.60,1.60,1.10
132.38,75.85,0.75,1.93,1.41,3.18,6.85,0.60,1.60,1.60
765.58,128.18,1.14,6.02,1.92,10.99,6.85,1.10,0.10,0.10
138.26,134.86,0.83,5.72,1.54,10.68,6.85,1.10,0.10,0.60
80.09,140.50,0.75,5.62,1.39,10.58,6.85,1.10,0.10,1.10
58.27,145.43,0.67,5.56,1.31,10.53,6.85,1.10,0.10,1.60
858.67,55.90,1.16,3.10,1.92,5.13,6.85,1.10,0.60,0.10
144.97,56.62,0.87,2.78,1.54,4.82,6.85,1.10,0.60,0.60
83.14,58.45,0.76,2.68,1.41,4.71,6.85,1.10,0.60,1.10
60.08,60.22,0.67,2.63,1.32,4.65,6.85,1.10,0.60,1.60
949.17,43.90,1.18,2.58,1.92,4.08,6.85,1.10,1.10,0.10
152.45,43.00,0.83,2.27,1.56,3.77,6.85,1.10,1.10,0.60
86.14,43.98,0.72,2.15,1.42,3.66,6.85,1.10,1.10,1.10
61.97,45.11,0.67,2.10,1.33,3.60,6.85,1.10,1.10,1.60
1044.79,38.50,1.16,2.34,1.91,3.57,6.85,1.10,1.60,0.10
161.96,36.68,0.87,2.01,1.57,3.26,6.85,1.10,1.60,0.60
90.13,37.18,0.76,1.91,1.44,3.16,6.85,1.10,1.60,1.10
63.94,37.94,0.68,1.86,1.34,3.10,6.85,1.10,1.60,1.60
411.86,74.81,1.13,5.98,1.95,10.95,6.85,1.60,0.10,0.10
77.92,81.12,0.79,5.66,1.52,10.63,6.85,1.60,0.10,0.60
46.82,86.24,0.70,5.56,1.37,10.52,6.85,1.60,0.10,1.10
34.88,90.66,0.62,5.50,1.28,10.46,6.85,1.60,0.10,1.60
484.44,33.60,1.16,3.07,1.95,5.10,6.85,1.60,0.60,0.10
83.37,34.32,0.79,2.74,1.53,4.76,6.85,1.60,0.60,0.60
48.98,35.99,0.71,2.63,1.38,4.66,6.85,1.60,0.60,1.10
36.11,37.60,0.63,2.57,1.29,4.59,6.85,1.60,0.60,1.60
562.83,27.14,1.16,2.57,1.94,4.06,6.85,1.60,1.10,0.10
89.24,26.27,0.81,2.21,1.55,3.72,6.85,1.60,1.10,0.60
51.23,27.18,0.69,2.12,1.40,3.61,6.85,1.60,1.10,1.10
37.39,28.21,0.63,2.05,1.30,3.54,6.85,1.60,1.10,1.60
644.06,24.45,1.15,2.32,1.93,3.56,6.85,1.60,1.60,0.10
94.26,22.56,0.80,1.99,1.56,3.22,6.85,1.60,1.60,0.60
53.79,23.06,0.71,1.86,1.42,3.11,6.85,1.60,1.60,1.10
38.74,23.78,0.64,1.81,1.32,3.04,6.85,1.60,1.60,1.60
242.38,47.89,1.12,5.96,2.01,10.93,6.85,2.10,0.10,0.10
48.43,53.76,0.78,5.61,1.52,10.58,6.85,2.10,0.10,0.60
30.11,58.41,0.66,5.50,1.36,10.47,6.85,2.10,0.10,1.10
22.90,62.37,0.57,5.45,1.25,10.41,6.85,2.10,0.10,1.60
300.25,22.22,1.14,3.07,2.00,5.09,6.85,2.10,0.60,0.10
52.38,22.87,0.80,2.70,1.54,4.72,6.85,2.10,0.60,0.60
31.68,24.43,0.67,2.57,1.37,4.61,6.85,2.10,0.60,1.10
23.71,25.88,0.57,2.53,1.27,4.54,6.85,2.10,0.60,1.60
366.76,18.53,1.18,2.57,1.99,4.06,6.85,2.10,1.10,0.10
56.46,17.62,0.82,2.19,1.57,3.68,6.85,2.10,1.10,0.60
33.30,18.49,0.69,2.08,1.39,3.56,6.85,2.10,1.10,1.10
24.59,19.44,0.57,1.99,1.29,3.50,6.85,2.10,1.10,1.60
437.51,17.19,1.19,2.32,1.97,3.57,6.85,2.10,1.60,0.10
61.56,15.28,0.82,1.94,1.58,3.19,6.85,2.10,1.60,0.60
34.79,15.73,0.65,1.82,1.42,3.07,6.85,2.10,1.60,1.10
25.55,16.40,0.58,1.76,1.31,3.00,6.85,2.10,1.60,1.60
146.20,32.00,1.11,5.93,2.08,10.90,6.85,2.60,0.10,0.10
31.73,37.56,0.74,5.56,1.54,10.52,6.85,2.60,0.10,0.60
20.47,41.87,0.64,5.45,1.35,10.42,6.85,2.60,0.10,1.10
16.15,45.53,0.54,5.40,1.24,10.36,6.85,2.60,0.10,1.60
196.28,15.46,1.18,3.04,2.08,5.08,6.85,2.60,0.60,0.10
34.61,16.06,0.78,2.64,1.56,4.68,6.85,2.60,0.60,0.60
21.59,17.53,0.61,2.54,1.38,4.56,6.85,2.60,0.60,1.10
16.74,18.89,0.57,2.47,1.26,4.50,6.85,2.60,0.60,1.60
254.56,13.41,1.19,2.58,2.06,4.07,6.85,2.60,1.10,0.10
38.08,12.46,0.77,2.13,1.59,3.64,6.85,2.60,1.10,0.60
22.88,13.29,0.63,2.03,1.40,3.52,6.85,2.60,1.10,1.10
17.40,14.19,0.58,1.95,1.28,3.45,6.85,2.60,1.10,1.60
319.74,12.89,1.18,2.34,2.02,3.58,6.85,2.60,1.60,0.10
41.89,10.88,0.79,1.92,1.62,3.16,6.85,2.60,1.60,0.60
24.30,11.34,0.66,1.78,1.43,3.03,6.85,2.60,1.60,1.10
18.12,11.98,0.59,1.71,1.30,2.96,6.85,2.60,1.60,1.60
91.70,21.89,1.18,5.89,2.17,10.86,6.85,3.10,0.10,0.10
21.52,27.17,0.71,5.50,1.55,10.47,6.85,3.10,0.10,0.60
14.58,31.15,0.59,5.40,1.34,10.37,6.85,3.10,0.10,1.10
11.81,34.49,0.50,5.35,1.22,10.31,6.85,3.10,0.10,1.60
130.50,11.06,1.18,3.05,2.18,5.08,6.85,3.10,0.60,0.10
23.70,11.66,0.73,2.59,1.59,4.63,6.85,3.10,0.60,0.60
15.41,13.03,0.60,2.49,1.39,4.51,6.85,3.10,0.60,1.10
12.26,14.29,0.52,2.43,1.25,4.45,6.85,3.10,0.60,1.60
183.35,10.09,1.25,2.60,2.13,4.09,6.85,3.10,1.10,0.10
26.27,9.09,0.75,2.10,1.63,3.61,6.85,3.10,1.10,0.60
16.33,9.89,0.62,1.98,1.42,3.48,6.85,3.10,1.10,1.10
12.73,10.72,0.54,1.92,1.29,3.41,6.85,3.10,1.10,1.60
247.30,10.14,1.25,2.38,2.08,3.62,6.85,3.10,1.60,0.10
29.16,7.99,0.80,1.89,1.67,3.13,6.85,3.10,1.60,0.60
17.33,8.44,0.63,1.75,1.45,2.99,6.85,3.10,1.60,1.10
13.23,9.05,0.56,1.68,1.32,2.91,6.85,3.10,1.60,1.60
57.19,15.12,1.17,5.83,2.28,10.80,6.85,3.60,0.10,0.10
14.76,20.09,0.73,5.44,1.57,10.40,6.85,3.60,0.10,0.60
10.65,23.75,0.54,5.34,1.34,10.31,6.85,3.60,0.10,1.10
8.88,26.82,0.49,5.29,1.22,10.26,6.85,3.60,0.10,1.60
89.53,8.09,1.24,3.08,2.29,5.09,6.85,3.60,0.60,0.10
16.46,8.63,0.74,2.55,1.63,4.57,6.85,3.60,0.60,0.60
11.20,9.92,0.58,2.43,1.39,4.46,6.85,3.60,0.60,1.10
9.21,11.10,0.48,2.38,1.25,4.40,6.85,3.60,0.60,1.60
136.65,7.84,1.31,2.62,2.24,4.13,6.85,3.60,1.10,0.10
18.44,6.75,0.74,2.07,1.68,3.57,6.85,3.60,1.10,0.60
11.87,7.52,0.57,1.93,1.43,3.43,6.85,3.60,1.10,1.10
9.57,8.31,0.50,1.86,1.28,3.36,6.85,3.60,1.10,1.60
200.18,8.31,1.29,2.42,2.16,3.66,6.85,3.60,1.60,0.10
20.82,5.98,0.80,1.86,1.74,3.11,6.85,3.60,1.60,0.60
12.64,6.42,0.62,1.70,1.48,2.95,6.85,3.60,1.60,1.10
9.92,7.00,0.54,1.62,1.32,2.87,6.85,3.60,1.60,1.60
35.28,10.44,1.19,5.76,2.41,10.72,6.85,4.10,0.10,0.10
10.60,15.13,0.63,5.36,1.58,10.32,6.85,4.10,0.10,0.60
8.00,18.50,0.52,5.28,1.35,10.25,6.85,4.10,0.10,1.10
6.92,21.31,0.44,5.24,1.20,10.21,6.85,4.10,0.10,1.60
61.92,5.99,1.31,3.08,2.44,5.10,6.85,4.10,0.60,0.10
11.69,6.49,0.66,2.48,1.66,4.51,6.85,4.10,0.60,0.60
8.36,7.71,0.56,2.37,1.39,4.40,6.85,4.10,0.60,1.10
7.13,8.80,0.46,2.32,1.25,4.35,6.85,4.10,0.60,1.60
107.37,6.31,1.37,2.69,2.36,4.18,6.85,4.10,1.10,0.10
13.19,5.09,0.72,2.02,1.75,3.52,6.85,4.10,1.10,0.60
8.86,5.83,0.57,1.88,1.46,3.37,6.85,4.10,1.10,1.10
7.36,6.58,0.45,1.80,1.29,3.31,6.85,4.10,1.10,1.60
170.17,7.11,1.33,2.48,2.22,3.72,6.85,4.10,1.60,0.10
15.07,4.53,0.78,1.83,1.83,3.08,6.85,4.10,1.60,0.60
9.43,4.97,0.60,1.66,1.53,2.90,6.85,4.10,1.60,1.10
7.65,5.53,0.47,1.57,1.34,2.82,6.85,4.10,1.60,1.60
21.56,7.19,1.15,5.61,2.55,10.58,6.85,4.60,0.10,0.10
7.70,11.55,0.62,5.26,1.61,10.23,6.85,4.60,0.10,0.60
6.17,14.65,0.45,5.20,1.35,10.17,6.85,4.60,0.10,1.10
5.52,17.24,0.40,5.18,1.19,10.15,6.85,4.60,0.10,1.60
43.39,4.50,1.36,3.09,2.65,5.12,6.85,4.60,0.60,0.10
8.46,4.94,0.66,2.40,1.72,4.43,6.85,4.60,0.60,0.60
6.43,6.09,0.47,2.32,1.41,4.33,6.85,4.60,0.60,1.10
5.66,7.10,0.42,2.27,1.24,4.29,6.85,4.60,0.60,1.60
88.51,5.31,1.47,2.77,2.47,4.26,6.85,4.60,1.10,0.10
9.48,3.87,0.68,1.97,1.84,3.46,6.85,4.60,1.10,0.60
6.73,4.59,0.55,1.82,1.48,3.31,6.85,4.60,1.10,1.10
5.81,5.29,0.45,1.76,1.30,3.26,6.85,4.60,1.10,1.60
154.06,6.41,1.39,2.55,2.28,3.79,6.85,4.60,1.60,0.10
10.96,3.46,0.78,1.81,1.96,3.04,6.85,4.60,1.60,0.60
7.14,3.90,0.57,1.61,1.57,2.85,6.85,4.60,1.60,1.10
6.01,4.44,0.46,1.53,1.35,2.77,6.85,4.60,1.60,1.60
